ID	Level	TypeID	SkillID	IconID	Name	Desc	BindSkillID	TrainCost	ShowNewRecipeTip	nPriority	nShowAppendSkillID	nTeachPriority
0	0	0	0	0	测试	测试	0	-1	1	0		0
1	1	0	55	0	Test	测试						
3	1	0	0	0	测试	测试						
4	1	0	0	0	测试	测试						
10	1	2	356	1825	《坐忘经·返本归元》注解残页	施展招式的消耗降低20%。		900	0			
11	1	2	356	1825	《坐忘经·返本归元》注解断篇	施展招式的消耗降低20%。		1500	0			
12	1	2	356	1825	《坐忘经·返本归元》注解绝章	施展招式的消耗降低20%。		900	0			
13	1	9	356	1832	《坐忘经·返本归元》真传残页	招式的有效距离增加2尺。		1800	0			
14	1	9	356	1832	《坐忘经·返本归元》真传断篇	招式的有效距离增加2尺。		1800	0			
15	1	9	356	1832	《坐忘经·返本归元》真传绝章	招式的有效距离增加2尺。		2700	0			
16	1	8	356	1831	《坐忘经·返本归元》人偶图残页	能卸除额外一个点穴不利效果。		3900	0			
17	1	8	356	1831	《坐忘经·返本归元》人偶图断篇	能卸除额外一个减速不利效果。		3600	0			
18	1	8	356	1831	《坐忘经·返本归元》人偶图绝章	招式立刻恢复一定气血值。		6600	0			
19	1	5	301	1828	《北冥剑气·两仪化形》秘诀残页	会心提高2%。		9600	0			
20	1	5	301	1828	《北冥剑气·两仪化形》秘诀断篇	会心提高3%。		11100	0			
21	1	5	301	1828	《北冥剑气·两仪化形》秘诀绝章	会心提高4%。		16500	0			5
22	1	7	301	1830	《北冥剑气·两仪化形》详解残页	命中提高1%。		12600	0			
23	1	7	301	1830	《北冥剑气·两仪化形》详解断篇	命中提高2%。		13500	0			
24	1	6	301	1829	《北冥剑气·两仪化形》参悟残页	伤害提高3%。		9600	0			
25	1	6	301	1829	《北冥剑气·两仪化形》参悟断篇	伤害提高4%。		10500	0			5
26	1	6	301	1829	《北冥剑气·两仪化形》参悟绝章	伤害提高5%。		10200	0			5
27	1	8	301	1831	《北冥剑气·两仪化形》人偶图残页	命中目标则续气一格。		23400	0			5
28	1	3	361	1826	《纯阳诀·凌太虚》经脉图残页	运功时间减少0.125秒。		7800	0			
29	1	3	361	1826	《纯阳诀·凌太虚》经脉图断篇	运功时间减少0.125秒。		7800	0			
30	1	3	361	1826	《纯阳诀·凌太虚》经脉图绝章	运功时间减少0.125秒。		7800	0			
31	1	2	361	1825	《纯阳诀·凌太虚》注解残页	施展招式的消耗降低20%。		1200	0			
32	1	2	361	1825	《纯阳诀·凌太虚》注解断篇	施展招式的消耗降低30%。		1800	0			
33	1	2	361	1825	《纯阳诀·凌太虚》注解绝章	施展招式的消耗降低40%。		1200	0			
34	1	12	361	1832	《纯阳诀·凌太虚》真传残页	招式的有效范围增加1尺。		3600	0			
35	1	12	361	1832	《纯阳诀·凌太虚》真传断篇	招式的有效范围增加1尺。		2700	0			
36	1	12	361	1832	《纯阳诀·凌太虚》真传绝章	招式的有效范围增加1尺。		2700	0			
37	1	1	1	1824	《坐忘经·凭虚御风》穴位图残页	调息时间减少15秒。		20100	0			
38	1	1	1	1824	《坐忘经·凭虚御风》穴位图断篇	调息时间减少15秒。		23400	0			
39	1	2	1	1825	《坐忘经·凭虚御风》注解绝章	施展招式的消耗降低30%。		6300	0	3		
40	1	2	1	1825	《坐忘经·凭虚御风》注解残页	施展招式的消耗降低20%。		6000	0	1		
41	1	2	1	1825	《坐忘经·凭虚御风》注解断篇	施展招式的消耗降低30%。		9900	0	2		
42	1	8	355	1831	《坐忘经·凭虚御风》人偶图绝章	效果持续期间每次闪避目标外功攻击则恢复自身2%气血最大值。		6300	0	3		
43	1	10	1	1833	《坐忘经·凭虚御风》手抄断篇	招式附加效果持续时间增加3秒。		17700	0			
44	1	8	355	1831	《坐忘经·凭虚御风》人偶图残页	移动速度提高30%，持续5秒。		20100	0	1		
45	1	8	355	1831	《坐忘经·凭虚御风》人偶图断篇	能卸除额外一个混元性伤害状态。		23100	0	2		
46	1	3	359	1826	《纯阳诀·破苍穹》经脉图残页	运功时间减少0.125秒。		7800	0			
47	1	3	359	1826	《纯阳诀·破苍穹》经脉图断篇	运功时间减少0.125秒。		7800	0			
48	1	3	359	1826	《纯阳诀·破苍穹》经脉图绝章	运功时间减少0.125秒。		7800	0			5
49	1	2	1	1825	《纯阳诀·破苍穹》注解残页	施展招式的消耗降低20%。		1200	0			
50	1	2	1	1825	《纯阳诀·破苍穹》注解断篇	施展招式的消耗降低30%。		1800	0			
51	1	2	1	1825	《纯阳诀·破苍穹》注解绝章	施展招式的消耗降低40%。		1200	0			
52	1	12	359	1832	《纯阳诀·破苍穹》真传残页	招式的有效范围增加1尺。		3600	0			5
53	1	12	359	1832	《纯阳诀·破苍穹》真传断篇	招式的有效范围增加1尺。		2700	0			5
54	1	12	359	1832	《纯阳诀·破苍穹》真传绝章	招式的有效范围增加1尺。		2700	0			5
55	1	1	588	1824	《天道剑势·人剑合一》穴位图残页	调息时间减少5秒。		23100	0			5
56	1	1	1	1824	《天道剑势·人剑合一》穴位图断篇	调息时间减少3秒。		20700	0			
57	1	9	588	1832	《天道剑势·人剑合一》真传残页	招式的有效距离增加1尺。		13200	0			
58	1	9	588	1832	《天道剑势·人剑合一》真传断篇	招式的有效距离增加1尺。		13200	0			
59	1	9	588	1832	《天道剑势·人剑合一》真传绝章	招式的有效距离增加1尺。		16800	0			
60	1	6	588	1829	《天道剑势·人剑合一》参悟残页	伤害提高40%。		8700	0			
61	1	6	588	1829	《天道剑势·人剑合一》参悟断篇	伤害提高60%。		8100	0			5
62	1	8	588	1831	《天道剑势·人剑合一》人偶图残页	招式附加额外的持续伤害，持续12秒。		23400	0			5
63	1	8	905	1831	《天道剑势·人剑合一》人偶图断篇	回复气血效果提高100%。			0			
64	1	1	364	1824	《天道剑势·三环套月》穴位图残页	调息时间减少0.5秒。		5100	0			
65	1	5	364	1828	《天道剑势·三环套月》秘诀残页	会心提高2%。		2100	0			
66	1	5	364	1828	《天道剑势·三环套月》秘诀断篇	会心提高3%。		2400	0			5
67	1	5	364	1828	《天道剑势·三环套月》秘诀绝章	会心提高4%。		2100	0			5
68	1	7	364	1830	《天道剑势·三环套月》详解残页	命中提高1%。		3300	0			
69	1	7	364	1830	《天道剑势·三环套月》详解断篇	命中提高2%。		3300	0			
70	1	6	364	1829	《天道剑势·三环套月》参悟残页	伤害提高3%。		2100	0			
71	1	6	364	1829	《天道剑势·三环套月》参悟断篇	伤害提高4%。		2100	0			5
72	1	6	364	1829	《天道剑势·三环套月》参悟绝章	伤害提高5%。		2400	0			5
73	1	3	358	1826	《纯阳诀·生太极》经脉图残页	运功时间减少0.125秒。		12600	0			5
74	1	3	358	1826	《纯阳诀·生太极》经脉图断篇	运功时间减少0.125秒。		18600	0			5
75	1	3	358	1826	《纯阳诀·生太极》经脉图绝章	运功时间减少0.125秒。		18900	0			5
76	1	2	1	1825	《纯阳诀·生太极》注解残页	施展招式的消耗降低20%。		2700	0			
77	1	2	1	1825	《纯阳诀·生太极》注解断篇	施展招式的消耗降低30%。		2700	0			
78	1	2	1	1825	《纯阳诀·生太极》注解绝章	施展招式的消耗降低40%。		2700	0			
79	1	12	358	1832	《纯阳诀·生太极》真传残页	招式的有效范围增加1尺。		7200	0			
80	1	12	358	1832	《纯阳诀·生太极》真传断篇	招式的有效范围增加1尺。		7500	0			
81	1	12	358	1832	《纯阳诀·生太极》真传绝章	招式的有效范围增加1尺。		6600	0			
82	1	3	367	1826	《北冥剑气·四象轮回》经脉图残页	运功时间减少0.25秒。		23400	0			5
83	1	3	367	1826	《北冥剑气·四象轮回》经脉图断篇	运功时间减少0.25秒。		23400	0			5
84	1	5	367	1828	《北冥剑气·四象轮回》秘诀残页	会心提高2%。		2700	0			
85	1	5	367	1828	《北冥剑气·四象轮回》秘诀断篇	会心提高3%。		9900	0			5
86	1	5	367	1828	《北冥剑气·四象轮回》秘诀绝章	会心提高4%。		22200	0			5
87	1	9	367	1832	《北冥剑气·四象轮回》真传残页	招式的有效距离增加1尺。		12300	0			
88	1	9	367	1832	《北冥剑气·四象轮回》真传断篇	招式的有效距离增加1尺。		14700	0			
89	1	9	367	1832	《北冥剑气·四象轮回》真传绝章	招式的有效距离增加1尺。		23400	0			
90	1	8	367	1831	《北冥剑气·四象轮回》人偶图残页	招式的减速效果提高10%。		23400	0			
91	1	2	1	1825	《北冥剑气·太极无极》注解残页	施展招式的消耗降低30%。		1800	0			
92	1	5	306	1828	《北冥剑气·太极无极》秘诀残页	会心提高2%。		2100	0			
93	1	5	306	1828	《北冥剑气·太极无极》秘诀断篇	会心提高3%。		2400	0			
94	1	5	306	1828	《北冥剑气·太极无极》秘诀绝章	会心提高4%。		2100	0			
95	1	7	306	1830	《北冥剑气·太极无极》详解残页	命中提高1%。		3300	0			
96	1	7	306	1830	《北冥剑气·太极无极》详解断篇	命中提高2%。		3300	0			
97	1	6	306	1829	《北冥剑气·太极无极》参悟残页	伤害提高15%。		2100	0			
98	1	6	306	1829	《北冥剑气·太极无极》参悟断篇	伤害提高15%。		2100	0			
99	1	6	306	1829	《北冥剑气·太极无极》参悟绝章	伤害提高20%。		2400	0			
100	1	5	365	1828	《天道剑势·无我无剑》秘诀残页	会心提高2%。		8400	0			
101	1	5	365	1828	《天道剑势·无我无剑》秘诀断篇	会心提高3%。		9900	0			
102	1	5	365	1828	《天道剑势·无我无剑》秘诀绝章	会心提高4%。		15000	0			5
103	1	7	365	1830	《天道剑势·无我无剑》详解残页	命中提高1%。		11400	0			
104	1	7	365	1830	《天道剑势·无我无剑》详解断篇	命中提高2%。		12300	0			
105	1	6	365	1829	《天道剑势·无我无剑》参悟残页	伤害提高3%。		8400	0			
106	1	6	365	1829	《天道剑势·无我无剑》参悟断篇	伤害提高4%。		9300	0			5
107	1	6	365	1829	《天道剑势·无我无剑》参悟绝章	伤害提高5%。		9000	0			5
108	1	8	365	1831	《天道剑势·无我无剑》人偶图残页	命中目标则续气一格。		23400	0			5
109	1	1	312	1824	《坐忘经·坐忘无我》穴位图残页	调息时间减少4秒。		3600	0			
110	1	1	312	1824	《坐忘经·坐忘无我》穴位图断篇	调息时间减少8秒。		13200	0			
111	1	2	1	1825	《坐忘经·坐忘无我》注解残页	施展招式的消耗降低20%。		1500	0			
112	1	2	1	1825	《坐忘经·坐忘无我》注解断篇	施展招式的消耗降低25%。		1800	0			
113	1	2	1	1825	《坐忘经·坐忘无我》注解绝章	施展招式的消耗降低30%。		1800	0			
114	1	1	1	1824	《坐忘经·坐忘无我》穴位图绝章	调息时间减少6秒。		4200	0			
115	1	8	312	1831	《坐忘经·坐忘无我》人偶图残页	移动速度提高10%，持续6秒。		6000	0			
116	1	8	312	1831	《坐忘经·坐忘无我》人偶图断篇	招式立刻恢复5%气血最大值。		5400	0			
117	1	8	312	1831	《坐忘经·坐忘无我》人偶图绝章	“坐忘无我”消失后3秒内自身受到的伤害降低50%。		14100	0			
118	1	1	49	1879	《扫叶腿法·回风扫叶》穴位图残页	调息时间减少0.5秒。			0			
119	1	1	49	1879	《扫叶腿法·回风扫叶》穴位图断篇	调息时间减少0.7秒。			0			
120	1	1	49	1879	《扫叶腿法·回风扫叶》穴位图绝章	调息时间减少0.8秒。			0			
121	1	2	49	1880	《扫叶腿法·回风扫叶》注解残页	施展招式的消耗降低40%。			0			
122	1	2	49	1880	《扫叶腿法·回风扫叶》注解断篇	施展招式的消耗降低50%。			0			
123	1	6	49	1884	《扫叶腿法·回风扫叶》参悟残页	伤害提高100%。			0			
124	1	6	49	1884	《扫叶腿法·回风扫叶》参悟断篇	伤害提高100%。			0			
125	1	1	58	1879	《混元气·猛虎下山》穴位图残页	调息时间减少5秒。			0			
125	2	1	0	1879	《江湖轻功·神行千里》穴位图残页	调息时间减少15分钟。			0			
126	1	1	58	1879	《混元气·猛虎下山》穴位图断篇	调息时间减少10秒。			0			
127	1	2	58	1880	《混元气·猛虎下山》注解残页	施展招式的消耗降低10%。			0			
128	1	8	58	1886	《混元气·猛虎下山》人偶图残页	招式附加气血恢复，持续9秒。			0			
129	1	8	58	1886	《混元气·猛虎下山》人偶图断篇	招式附加气血恢复，持续9秒。			0			
130	1	8	58	1886	《混元气·猛虎下山》人偶图绝章	招式附加气血恢复，持续9秒。			0			
131	1	1	564	1835	《猿公剑法·剑灵寰宇》穴位图残页	调息时间减少2秒。		6000	0			
132	1	1	564	1835	《猿公剑法·剑灵寰宇》穴位图断篇	调息时间减少3秒。		6600	0			
133	1	2	564	1836	《猿公剑法·剑灵寰宇》注解残页	施展招式的消耗降低20%。		2400	0			
134	1	2	564	1836	《猿公剑法·剑灵寰宇》注解断篇	施展招式的消耗降低20%。		2700	0			
135	1	9	564	1843	《猿公剑法·剑灵寰宇》真传残页	招式的有效距离增加2尺。		3900	0			
136	1	6	564	1840	《猿公剑法·剑灵寰宇》参悟残页	伤害提高15%。		3000	0			
137	1	6	564	1840	《猿公剑法·剑灵寰宇》参悟断篇	伤害提高15%。		5100	0			
138	1	6	564	1840	《猿公剑法·剑灵寰宇》参悟绝章	伤害提高20%。		3300	0			
139	1	1	561	1835	《猿公剑法·剑气长江》穴位图残页	调息时间减少1秒。		23400	0			
140	1	1	561	1835	《猿公剑法·剑气长江》穴位图断篇	调息时间减少1秒。		23400	0			
141	1	2	1	1836	《猿公剑法·剑气长江》注解残页	施展招式的消耗降低10%。		8400	0			
142	1	2	1	1836	《猿公剑法·剑气长江》注解断篇	施展招式的消耗降低10%。		8400	0			
143	1	5	561	1839	《猿公剑法·剑气长江》秘诀残页	会心提高2%。		9000	0			
144	1	5	561	1839	《猿公剑法·剑气长江》秘诀断篇	会心提高3%。		11700	0			5
145	1	6	561	1840	《猿公剑法·剑气长江》参悟残页	伤害提高4%。		9000	0			5
146	1	6	561	1840	《猿公剑法·剑气长江》参悟断篇	伤害提高6%。		9900	0			5
147	1	2	1	1836	《猿公剑法·剑主天地》注解残页	施展招式的消耗降低10%。		7200	0			
148	1	2	1	1836	《猿公剑法·剑主天地》注解断篇	施展招式的消耗降低10%。		7500	0			
149	1	9	561	1843	《猿公剑法·剑气长江》真传残页	招式的有效距离增加1尺。		3900	0			
150	1	9	561	1843	《猿公剑法·剑气长江》真传断篇	招式的有效距离增加1尺。		6000	0			
151	1	6	562	1840	《猿公剑法·剑主天地》参悟残页	伤害提高3%。		8100	0			
152	1	6	562	1840	《猿公剑法·剑主天地》参悟断篇	伤害提高4%。		9600	0			
153	1	8	561	1842	《猿公剑法·剑气长江》人偶图残页	招式减速效果提高15%。		18300	0			
154	1	2	1	1836	《西河剑器·江海凝光》注解残页	施展招式的消耗降低10%。		1800	0			
155	1	5	553	1839	《西河剑器·江海凝光》秘诀残页	会心提高2%。		2100	0			5
156	1	5	553	1839	《西河剑器·江海凝光》秘诀断篇	会心提高3%。		3600	0			5
157	1	9	553	1843	《西河剑器·江海凝光》真传残页	招式的有效距离增加2尺。		2700	0			
158	1	9	553	1843	《西河剑器·江海凝光》真传断篇	招式的有效距离增加2尺。		6000	0			
159	1	9	553	1843	《西河剑器·江海凝光》真传绝章	招式的有效距离增加2尺。		3900	0			
160	1	6	553	1840	《西河剑器·江海凝光》参悟残页	伤害提高15%。		2100	0			5
161	1	6	553	1840	《西河剑器·江海凝光》参悟断篇	伤害提高15%。		2100	0			161
162	1	1	552	1835	《剑器浑脱·邻里曲》穴位图残页	调息时间减少100秒。		7200	0			
163	1	1	552	1835	《剑器浑脱·邻里曲》穴位图断篇	调息时间减少100秒。		7200	0			
164	1	1	552	1835	《剑器浑脱·邻里曲》穴位图绝章	调息时间减少100秒。		7200	0			
165	1	2	552	1836	《剑器浑脱·邻里曲》注解残页	施展招式的消耗降低20%。		2100	0			
166	1	2	552	1836	《剑器浑脱·邻里曲》注解断篇	施展招式的消耗降低30%。		2700	0			
167	1	8	552	1842	《剑器浑脱·邻里曲》人偶图残页	重置“蝶弄足”调息时间。		7800	0			
168	1	8	552	1842	《剑器浑脱·邻里曲》人偶图断篇	重置“帝骖龙翔”调息时间。		11400	0			
169	1	1	568	1835	《剑器浑脱·繁音急节》穴位图残页	调息时间减少1秒。		10800	0			5
170	1	1	568	1835	《剑器浑脱·繁音急节》穴位图断篇	调息时间减少2秒。		13200	0			5
171	1	1	568	1835	《剑器浑脱·繁音急节》穴位图绝章	调息时间减少3秒。		15600	0			5
172	1	2	1	1836	《剑器浑脱·满堂势》注解残页	施展招式的消耗降低20%。		7500	0			
173	1	2	1	1836	《剑器浑脱·满堂势》注解断篇	施展招式的消耗降低30%。		6300	0			
174	1	8	568	1842	《剑器浑脱·繁音急节》人偶图残页	招式附加闪避值提高10%，持续5秒。		13200	0			
175	1	8	568	1842	《剑器浑脱·繁音急节》人偶图断篇	招式附加额外内功防御提高10%，持续5秒。		13200	0			
176	1	2	1	1836	《霓裳羽衣·上元点鬟》注解残页	施展招式的消耗降低5%。		2400	0			
177	1	2	1	1836	《霓裳羽衣·上元点鬟》注解断篇	施展招式的消耗降低10%。		3300	0			
178	1	2	1	1836	《霓裳羽衣·上元点鬟》注解绝章	施展招式的消耗降低10%。		3600	0			
179	1	9	556	1843	《霓裳羽衣·上元点鬟》真传残页	招式的有效距离增加2尺。		3900	0			5
180	1	9	556	1843	《霓裳羽衣·上元点鬟》真传断篇	招式的有效距离增加2尺。		9900	0			5
181	1	9	556	1843	《霓裳羽衣·上元点鬟》真传绝章	招式的有效距离增加2尺。		4500	0			5
182	1	8	556	1842	《霓裳羽衣·上元点鬟》人偶图断篇	疗伤成效提高7%。		10500	0			5
183	1	1	557	1835	《西河剑器·天地低昂》穴位图残页	调息时间减少15秒。		15000	0			5
184	1	1	557	1835	《西河剑器·天地低昂》穴位图断篇	调息时间减少15秒。		15000	0			5
185	1	2	1	1836	《西河剑器·天地低昂》注解残页	施展招式的消耗降低20%。		6900	0			
186	1	2	1	1836	《西河剑器·天地低昂》注解断篇	施展招式的消耗降低30%。		9900	0			
187	1	10	557	1844	《西河剑器·天地低昂》手抄残页	招式附加效果持续时间增加3秒。		23400	0			5
188	1	8	1	1842	《西河剑器·天地低昂》人偶图断篇	招式附加内力恢复，持续12秒。		19200	0	2		
189	1	8	557	1842	《西河剑器·天地低昂》人偶图残页	施展招式后每秒回复1%气血值，持续5秒。		22500	0			5
190	1	2	1	1836	《霓裳羽衣·翔鸾舞柳》注解残页	施展招式的消耗降低5%。		6000	0			
191	1	2	1	1836	《霓裳羽衣·翔鸾舞柳》注解断篇	施展招式的消耗降低10%。		6600	0			
192	1	9	554	1843	《霓裳羽衣·翔鸾舞柳》真传残页	招式的有效距离增加2尺。		8100	0			4
193	1	9	554	1843	《霓裳羽衣·翔鸾舞柳》真传断篇	招式的有效距离增加2尺。		9000	0			5
194	1	9	554	1843	《霓裳羽衣·翔鸾舞柳》真传绝章	招式的有效距离增加2尺。		23400	0			5
195	1	8	554	1842	《霓裳羽衣·翔鸾舞柳》人偶图残页	疗伤成效提高3%。		10200	0			5
196	1	8	554	1842	《霓裳羽衣·翔鸾舞柳》人偶图断篇	疗伤成效提高5%。		15000	0			5
197	1	1	551	1835	《剑器浑脱·心鼓弦》穴位图残页	调息时间减少120秒。		5100	0			5
198	1	1	551	1835	《剑器浑脱·心鼓弦》穴位图断篇	调息时间减少180秒。		9000	0			5
199	1	1	551	1835	《剑器浑脱·心鼓弦》穴位图绝章	调息时间减少240秒。		16200	0			5
200	1	3	551	1837	《剑器浑脱·心鼓弦》经脉图残页	运功时间减少0.25秒。		14100	0			
201	1	3	551	1837	《剑器浑脱·心鼓弦》经脉图断篇	运功时间减少0.25秒。		10500	0			
202	1	3	551	1837	《剑器浑脱·心鼓弦》经脉图绝章	运功时间减少0.25秒。		12900	0			
203	1	9	551	1843	《剑器浑脱·心鼓弦》真传残页	招式的有效距离增加4尺。		4500	0			5
204	1	1	570	1835	《西河剑器·月华倾泻》穴位图残页	调息时间减少5秒。		6000	0			
205	1	1	570	1835	《西河剑器·月华倾泻》穴位图断篇	调息时间减少10秒。		12900	0			
206	1	1	570	1835	《西河剑器·月华倾泻》穴位图绝章	调息时间减少15秒。		16500	0			
207	1	2	570	1836	《西河剑器·月华倾泻》注解残页	施展招式的消耗降低10%。		2700	0			
208	1	2	570	1836	《西河剑器·月华倾泻》注解断篇	施展招式的消耗降低20%。		2400	0			
209	1	9	570	1843	《西河剑器·月华倾泻》真传残页	招式的有效距离增加4尺。		4500	0			
210	1	8	570	1842	《西河剑器·月华倾泻》人偶图残页	招式附加气血恢复，持续9秒。		9600	0			
211	1	2	1	1836	《霓裳羽衣·左旋右转》注解残页	施展招式的消耗降低10%。		2100	0			
212	1	2	1	1836	《霓裳羽衣·左旋右转》注解断篇	施展招式的消耗降低15%。		3000	0			
213	1	12	567	1843	《霓裳羽衣·左旋右转》真传残页	招式的有效范围增加1尺。		3000	0			
214	1	12	567	1843	《霓裳羽衣·左旋右转》真传断篇	招式的有效范围增加1尺。		3000	0			
215	1	12	567	1843	《霓裳羽衣·左旋右转》真传绝章	招式的有效范围增加1尺。		6900	0			
216	1	8	567	1842	《霓裳羽衣·左旋右转》人偶图残页	疗伤成效提高3%。		4800	0			
217	1	8	567	1842	《霓裳羽衣·左旋右转》人偶图断篇	疗伤成效提高5%。		6300	0			
218	1	2	1	1847	《龙爪功·抱残式》注解残页	施展招式的消耗降低10%。		2100	0			
219	1	2	1	1847	《龙爪功·抱残式》注解断篇	施展招式的消耗降低15%。		3300	0			
220	1	2	1	1847	《龙爪功·抱残式》注解绝章	施展招式的消耗降低20%。		2100	0			
221	1	10	1	1855	《龙爪功·抱残式》手抄残页	招式附加效果持续时间增加2秒。		6900	0			
222	1	1	1	1846	《龙爪功·抱残式》穴位图残页	调息时间减少1秒。		9600	0			
223	1	9	1	1854	《龙爪功·抱残式》真传残页	招式的有效距离增加1尺。		3000	0			
224	1	9	1	1854	《龙爪功·抱残式》真传断篇	招式的有效距离增加1尺。		3600	0			
225	1	9	1	1854	《龙爪功·抱残式》真传绝章	招式的有效距离增加1尺。		5700	0			
226	1	8	1	1853	《龙爪功·抱残式》人偶图断篇	招式效果提高10%。		15900	0			
227	1	1	238	1846	《龙爪功·捕风式》穴位图残页	调息时间减少0.5秒。		7500	0			
228	1	1	238	1846	《龙爪功·捕风式》穴位图断篇	调息时间减少0.5秒。		16200	0			5
229	1	9	238	1854	《龙爪功·捕风式》真传残页	招式的有效距离增加2尺。		3900	0			
230	1	9	238	1854	《龙爪功·捕风式》真传断篇	招式的有效距离增加2尺。		6600	0			
231	1	7	238	1852	《龙爪功·捕风式》详解残页	命中提高1%。		4200	0			
232	1	7	238	1852	《龙爪功·捕风式》详解断篇	命中提高2%。		4500	0			
233	1	6	238	1851	《龙爪功·捕风式》参悟残页	伤害提高10%。		3000	0			5
234	1	6	238	1851	《龙爪功·捕风式》参悟断篇	伤害提高10%。		3300	0			5
235	1	6	238	1851	《龙爪功·捕风式》参悟绝章	伤害提高15%。		3300	0			5
236	1	1	252	1846	《袈裟伏魔功·大狮子吼》穴位图残页	调息时间减少5秒。		4500	0			5
237	1	1	252	1846	《袈裟伏魔功·大狮子吼》穴位图断篇	调息时间减少10秒。		4500	0			5
238	1	1	252	1846	《袈裟伏魔功·大狮子吼》穴位图绝章	调息时间减少10秒。		13200	0			5
239	1	2	1	1847	《袈裟伏魔功·大狮子吼》注解残页	施展招式的消耗降低20%。		1800	0			
240	1	2	1	1847	《袈裟伏魔功·大狮子吼》注解断篇	施展招式的消耗降低30%。		1800	0			
241	1	12	252	1854	《袈裟伏魔功·大狮子吼》真传残页	招式的有效距离增加1尺。		3600	0			
242	1	12	252	1854	《袈裟伏魔功·大狮子吼》真传断篇	招式的有效距离增加1尺。		5100	0			
243	1	12	252	1854	《袈裟伏魔功·大狮子吼》真传绝章	招式的有效距离增加1尺。		3900	0			
244	1	8	252	1853	《袈裟伏魔功·大狮子吼》人偶图残页	每命中一个目标则增加一点禅那。		11100	0			5
245	1	1	1	1846	《达摩武诀·锻骨诀》穴位图残页	调息时间减少5秒。		20100	0			5
246	1	1	1	1846	《达摩武诀·锻骨诀》穴位图断篇	调息时间减少10秒。		20100	0			5
247	1	1	1	1846	《达摩武诀·锻骨诀》穴位图绝章	调息时间减少10秒。		20100	0			5
248	1	2	1	1847	《达摩武诀·锻骨诀》注解残页	施展招式的消耗降低20%。		7500	0			
249	1	2	1	1847	《达摩武诀·锻骨诀》注解断篇	施展招式的消耗降低20%。		6900	0			
250	1	2	1	1847	《达摩武诀·锻骨诀》注解绝章	施展招式的消耗降低20%。		6000	0			
251	1	8	257	1853	《达摩武诀·锻骨诀》人偶图残页	不受内功伤害影响，持续4秒。		22800	0			5
252	1	8	257	1853	《达摩武诀·锻骨诀》人偶图断篇	招式附加移动速度提高，持续8秒。		22800	0			
253	1	8	257	1853	《达摩武诀·锻骨诀》人偶图绝章	招式附加每3秒恢复2%最大气血值，持续9秒。		19200	0			
254	1	2	1	1847	《罗汉棍法·横扫六合》注解残页	施展招式的消耗降低10%。		1800	0			4
255	1	2	1	1847	《罗汉棍法·横扫六合》注解断篇	施展招式的消耗降低15%。		3000	0			4
256	1	2	1	1847	《罗汉棍法·横扫六合》注解绝章	施展招式的消耗降低20%。		1800	0			5
257	1	10	235	1855	《罗汉棍法·横扫六合》手抄残页	招式附加效果持续时间增加6秒。		3000	0			5
258	1	11	235	1856	《罗汉棍法·横扫六合》气血图残页	招式的有效目标人数增加1个。		5100	0			5
259	1	6	235	1851	《罗汉棍法·横扫六合》参悟残页	直接伤害提高50%。		2100	0			5
260	1	4	235	1849	《罗汉棍法·横扫六合》注释残页	威胁提高10%。		2700	0			
261	1	4	235	1849	《罗汉棍法·横扫六合》注释断篇	威胁提高15%。		4800	0			
262	1	4	235	1849	《罗汉棍法·横扫六合》注释绝章	强制周围6尺范围内最多5个敌对目标攻击自身，持续3秒。		3300	0			
263	1	1	232	1846	《罗汉棍法·普渡四方》穴位图残页	调息时间减少0.25秒。		5700	0			5
264	1	1	232	1846	《罗汉棍法·普渡四方》穴位图断篇	调息时间减少0.25秒。		5100	0			5
265	1	7	232	1852	《罗汉棍法·普渡四方》详解残页	命中提高1%。		3000	0			
266	1	7	232	1852	《罗汉棍法·普渡四方》详解断篇	命中提高2%。		3900	0			
267	1	7	232	1852	《罗汉棍法·普渡四方》详解绝章	命中提高2%。		3900	0			
268	1	6	232	1851	《罗汉棍法·普渡四方》参悟残页	伤害提高3%。		2400	0			
269	1	6	232	1851	《罗汉棍法·普渡四方》参悟断篇	伤害提高4%。		5100	0			5
270	1	6	232	1851	《罗汉棍法·普渡四方》参悟绝章	伤害提高5%。		2700	0			5
271	1	8	1	1853	《罗汉棍法·普渡四方》人偶图残页	招式附加每层阳性内功伤害提高1%，持续15秒，最多叠加5层。		8700	0			
272	1	2	1	1847	《达摩武诀·清音诀》注解残页	施展招式的消耗降低10%。		900	0			
273	1	2	1	1847	《达摩武诀·清音诀》注解断篇	施展招式的消耗降低15%。		2100	0			
274	1	2	1	1847	《达摩武诀·清音诀》注解绝章	施展招式的消耗降低20%。		900	0			
275	1	9	1	1854	《达摩武诀·清音诀》真传残页	招式的有效距离增加2尺。		1500	0			
276	1	9	1	1854	《达摩武诀·清音诀》真传断篇	招式的有效距离增加2尺。		1500	0			
277	1	9	1	1854	《达摩武诀·清音诀》真传绝章	招式的有效距离增加2尺。		2100	0			
278	1	8	1	1853	《达摩武诀·清音诀》人偶图残页	能卸除额外一个点穴不利效果。		3300	0			
279	1	8	1	1853	《达摩武诀·清音诀》人偶图断篇	能卸除额外一个减速不利效果。		10800	0			
280	1	8	1	1853	《达摩武诀·清音诀》人偶图绝章	招式附加气血恢复，持续9秒。		10800	0			
281	1	5	2572	1850	《龙爪功·守缺式》秘诀绝章	会心提高4%。		17100	0	3		5
282	1	2	1	1847	《龙爪功·守缺式》注解绝章	施展招式的消耗降低15%。		23400	0	3		
283	1	2	1	1847	《龙爪功·守缺式》注解残页	施展招式的消耗降低10%。		7500	0	1		
284	1	2	1	1847	《龙爪功·守缺式》注解断篇	施展招式的消耗降低15%。		7500	0	2		
285	1	5	2572	1850	《龙爪功·守缺式》秘诀残页	会心提高2%。		10800	0	1		
286	1	5	2572	1850	《龙爪功·守缺式》秘诀断篇	会心提高3%。		17100	0	2		5
287	1	6	2572	1851	《龙爪功·守缺式》参悟残页	伤害提高3%。		9000	0			
288	1	6	2572	1851	《龙爪功·守缺式》参悟断篇	伤害提高4%。		9000	0			5
289	1	6	2572	1851	《龙爪功·守缺式》参悟绝章	伤害提高5%。		9000	0			5
290	1	5	233	1850	《罗汉棍法·韦陀献杵》秘诀残页	会心提高2%。		9300	0			
291	1	5	233	1850	《罗汉棍法·韦陀献杵》秘诀断篇	会心提高3%。		10500	0			
292	1	5	233	1850	《罗汉棍法·韦陀献杵》秘诀绝章	会心提高4%。		9900	0			5
293	1	7	233	1852	《罗汉棍法·韦陀献杵》详解残页	命中提高1%。		12600	0			
294	1	7	233	1852	《罗汉棍法·韦陀献杵》详解断篇	命中提高2%。		11700	0			
295	1	6	233	1851	《罗汉棍法·韦陀献杵》参悟残页	伤害提高3%。		9300	0			
296	1	6	233	1851	《罗汉棍法·韦陀献杵》参悟断篇	伤害提高4%。		16500	0			5
297	1	6	233	1851	《罗汉棍法·韦陀献杵》参悟绝章	伤害提高5%。		10200	0			5
298	1	8	233	1853	《罗汉棍法·韦陀献杵》人偶图残页	命中目标则增加一点禅那。		23400	0			5
299	1	1	261	1846	《达摩武诀·无相诀》穴位图残页	调息时间减少10秒。		12300	0			5
300	1	1	261	1846	《达摩武诀·无相诀》穴位图断篇	调息时间减少20秒。		21000	0			5
301	1	8	261	1853	《达摩武诀·无相诀》人偶图断篇	效果被卸除，每提前结束一秒，调息时间降低4秒。		12900	0	2		
302	1	2	1	1847	《达摩武诀·无相诀》注解残页	施展招式的消耗降低20%。		6300	0			
303	1	2	1	1847	《达摩武诀·无相诀》注解断篇	施展招式的消耗降低25%。		6300	0			
304	1	2	1	1847	《达摩武诀·无相诀》注解绝章	施展招式的消耗降低30%。		6300	0			
305	1	8	261	1853	《达摩武诀·无相诀》人偶图残页	额外附带5%减伤效果。		21300	0	1		
306	1	10	261	1855	《达摩武诀·无相诀》手抄残页	招式附加效果持续时间增加1秒。		22500	0			5
307	1	10	261	1855	《达摩武诀·无相诀》手抄断篇	招式附加效果持续时间增加1秒。		23400	0			5
308	1	1	1	1846	《袈裟伏魔功·五蕴皆空》穴位图残页	调息时间减少2秒。		8100	0			
309	1	1	1	1846	《袈裟伏魔功·五蕴皆空》穴位图断篇	调息时间减少2秒。		6900	0			
310	1	1	1	1846	《袈裟伏魔功·五蕴皆空》穴位图绝章	调息时间减少2秒。		9300	0			
311	1	2	1	1847	《袈裟伏魔功·五蕴皆空》注解残页	施展招式的消耗降低15%。		4200	0			
312	1	2	1	1847	《袈裟伏魔功·五蕴皆空》注解断篇	施展招式的消耗降低20%。		4200	0			
313	1	9	1	1854	《袈裟伏魔功·五蕴皆空》真传残页	招式的有效距离增加1尺。		4800	0			
314	1	9	1	1854	《袈裟伏魔功·五蕴皆空》真传断篇	招式的有效距离增加1尺。		4800	0			
315	1	9	1	1854	《袈裟伏魔功·五蕴皆空》真传绝章	招式的有效距离增加1尺。		6000	0			
316	1	8	1	1853	《袈裟伏魔功·五蕴皆空》人偶图残页	命中目标则增加一点禅那。		9900	0			
317	1	1	1	1846	《袈裟伏魔功·袖纳乾坤》穴位图残页	调息时间减少5秒。		6900	0			
318	1	1	1	1846	《袈裟伏魔功·袖纳乾坤》穴位图断篇	调息时间减少10秒。		7200	0			
319	1	2	1	1847	《袈裟伏魔功·袖纳乾坤》注解残页	施展招式的消耗降低10%。		1500	0			
320	1	2	1	1847	《袈裟伏魔功·袖纳乾坤》注解断篇	施展招式的消耗降低15%。		2100	0			
321	1	2	1	1847	《袈裟伏魔功·袖纳乾坤》注解绝章	施展招式的消耗降低20%。		2100	0			
322	1	8	1	1853	《袈裟伏魔功·袖纳乾坤》人偶图残页	招式附加效果外功防御提高3%。		3900	0			
323	1	8	1	1853	《袈裟伏魔功·袖纳乾坤》人偶图断篇	招式附加效果外功防御提高3%。		7800	0			
324	1	4	1	1849	《袈裟伏魔功·袖纳乾坤》注释残页	招式附加30%额外的威胁。		4800	0			
325	1	4	1	1849	《袈裟伏魔功·袖纳乾坤》注释断篇	招式附加30%额外的威胁。		6600	0			
326	1	1	441	1857	《奔雷枪术·穿》穴位图残页	调息时间减少0.5秒。		4500	0			
327	1	1	441	1857	《奔雷枪术·穿》穴位图断篇	调息时间减少0.5秒。		13200	0			
328	1	9	441	1865	《奔雷枪术·穿》木刻残页	招式的有效范围增加1尺。		3000	0			
329	1	9	441	1865	《奔雷枪术·穿》木刻断篇	招式的有效范围增加1尺。		2400	0			
330	1	9	441	1865	《奔雷枪术·穿》真传残页	招式的有效距离增加1尺。		5100	0			
331	1	11	441	1867	《奔雷枪术·穿》气血图残页	招式的扇形有效目标人数增加1个。		3300	0			
332	1	11	441	1867	《奔雷枪术·穿》气血图断篇	招式的扇形有效目标人数增加1个。		6000	0			
333	1	1	400	1857	《羽林枪法·穿云》穴位图残页	调息时间减少0.5秒。		8400	0			
334	1	5	400	1861	《羽林枪法·穿云》秘诀残页	会心提高2%。		3000	0			5
335	1	5	400	1861	《羽林枪法·穿云》秘诀断篇	会心提高3%。		5400	0			5
336	1	7	400	1863	《羽林枪法·穿云》详解残页	命中提高1%。		3600	0			
337	1	7	400	1863	《羽林枪法·穿云》详解断篇	命中提高2%。		4500	0			
338	1	6	400	1862	《羽林枪法·穿云》参悟残页	伤害提高3%。		3000	0			5
339	1	6	400	1862	《羽林枪法·穿云》参悟断篇	伤害提高4%。		3900	0			5
340	1	1	428	1857	《游龙骑法·断魂刺》穴位图残页	调息时间减少1秒。		13200	0			5
341	1	1	428	1857	《游龙骑法·断魂刺》穴位图断篇	调息时间减少1秒。		5400	0			5
342	1	2	1	1858	《游龙骑法·断魂刺》注解残页	施展招式的消耗降低15%。		1800	0			
343	1	2	1	1858	《游龙骑法·断魂刺》注解断篇	施展招式的消耗降低20%。		1800	0			
344	1	9	428	1865	《游龙骑法·断魂刺》真传残页	招式的有效距离增加2尺。		3000	0			
345	1	6	428	1862	《游龙骑法·断魂刺》参悟残页	伤害提高3%。		2100	0			5
346	1	6	428	1862	《游龙骑法·断魂刺》参悟断篇	伤害提高4%。		2400	0			5
347	1	1	1	1857	《虎牙令·疾如风》穴位图残页	调息时间减少20秒。		21300	0			5
348	1	1	1	1857	《虎牙令·疾如风》穴位图断篇	调息时间减少20秒。		21300	0			5
349	1	2	1	1858	《虎牙令·疾如风》注解绝章	施展招式的消耗降低30%。		21900	0	3		
350	1	2	1	1858	《虎牙令·疾如风》注解残页	施展招式的消耗降低20%。		6300	0	1		
351	1	2	1	1858	《虎牙令·疾如风》注解断篇	施展招式的消耗降低30%。		9300	0	2		
352	1	8	412	1864	《虎牙令·疾如风》人偶图绝章	招式附加移动速度提高，持续5秒。		14100	0	3		5
353	1	8	1	1864	《虎牙令·疾如风》人偶图残页	招式附加会心提高10%，持续10秒。		23100	0	1		
354	1	8	412	1864	《虎牙令·疾如风》人偶图断篇	施展“疾如风”3秒内攻击会心后有70%几率获得“虎啸”。		23400	0	2		5
355	1	5	415	1861	《羽林枪法·龙牙》秘诀绝章	会心提高4%。		11100	0	3		5
356	1	6	415	1862	《羽林枪法·龙牙》参悟绝章	伤害提高5%。		10200	0	3		5
357	1	5	415	1861	《羽林枪法·龙牙》秘诀残页	会心提高2%。		9300	0	1		
358	1	5	415	1861	《羽林枪法·龙牙》秘诀断篇	会心提高3%。		9900	0	2		
359	1	7	415	1863	《羽林枪法·龙牙》详解残页	命中提高1%。		11400	0			
360	1	7	415	1863	《羽林枪法·龙牙》详解断篇	命中提高2%。		12900	0			
361	1	6	415	1862	《羽林枪法·龙牙》参悟残页	伤害提高3%。		9300	0	1		5
362	1	6	415	1862	《羽林枪法·龙牙》参悟断篇	伤害提高4%。		16500	0	2		5
363	1	1	423	1857	《奔雷枪术·灭》穴位图残页	调息时间减少1秒。		7200	0			5
364	1	2	1	1858	《奔雷枪术·灭》注解残页	施展招式的消耗降低5%。		2100	0			
365	1	2	1	1858	《奔雷枪术·灭》注解断篇	施展招式的消耗降低5%。		2100	0			
366	1	2	1	1858	《奔雷枪术·灭》注解绝章	施展招式的消耗降低5%。		2100	0			
367	1	5	423	1861	《奔雷枪术·灭》秘诀残页	会心提高2%。		2700	0			
368	1	5	423	1861	《奔雷枪术·灭》秘诀断篇	会心提高3%。		2700	0			5
369	1	6	423	1862	《奔雷枪术·灭》参悟残页	伤害提高3%。		3000	0			5
370	1	6	423	1862	《奔雷枪术·灭》参悟断篇	伤害提高4%。		5400	0			5
371	1	1	1	1857	《羽林枪法·破风》穴位图残页	调息时间减少0.5秒。		9900	0			
372	1	1	1	1857	《羽林枪法·破风》穴位图断篇	调息时间减少1秒。		23400	0			
373	1	2	1	1858	《羽林枪法·破风》注解残页	施展招式的消耗降低10%。		6300	0			
374	1	2	1	1858	《羽林枪法·破风》注解断篇	施展招式的消耗降低20%。		6600	0			
375	1	10	1	1866	《羽林枪法·破风》手抄残页	招式效果持续时间增加4秒。		15600	0			
376	1	4	1	1860	《羽林枪法·破风》注释残页	威胁提高10%。		7800	0			
377	1	4	1	1860	《羽林枪法·破风》注释断篇	威胁提高15%。		9300	0			
378	1	1	426	1857	《游龙骑法·破坚阵》穴位图残页	调息时间减少1秒。		8100	0			
379	1	1	426	1857	《游龙骑法·破坚阵》穴位图断篇	调息时间减少1秒。		5100	0			
380	1	1	426	1857	《游龙骑法·破坚阵》穴位图绝章	调息时间减少1秒。		14700	0			
381	1	2	1	1858	《游龙骑法·破坚阵》注解残页	施展招式的消耗降低100%。		2700	0			
382	1	8	426	1864	《游龙骑法·破坚阵》人偶图残页	招式附加绕足效果，持续10秒。		15900	0			
383	1	8	426	1864	《游龙骑法·破坚阵》人偶图断篇	招式附加绕足效果，持续10秒。		7800	0			
384	1	8	426	1864	《游龙骑法·破坚阵》人偶图绝章	招式战意消耗降低1点。		8700	0			
385	1	1	413	1857	《虎牙令·守如山》穴位图残页	调息时间减少60秒。		23400	0			5
386	1	1	413	1857	《虎牙令·守如山》穴位图断篇	调息时间减少60秒。		23400	0			5
387	1	1	413	1857	《虎牙令·守如山》穴位图绝章	调息时间减少60秒。		23400	0			5
388	1	2	1	1858	《虎牙令·守如山》注解残页	施展招式的消耗降低100%。		6000	0			
389	1	10	413	1866	《虎牙令·守如山》手抄残页	招式效果持续时间增加3秒。		17100	0			5
390	1	8	413	1864	《虎牙令·守如山》人偶图残页	招式附加气血恢复，15秒内恢复10%气血最大值，最多叠加3层。		18000	0			
391	1	8	413	1864	《虎牙令·守如山》人偶图断篇	招式附加气血恢复，15秒内恢复10%气血最大值，最多叠加3层。		22200	0			
392	1	8	413	1864	《虎牙令·守如山》人偶图绝章	招式附加气血恢复，15秒内恢复10%气血最大值，最多叠加3层。		23400	0			
393	1	8	418	1864	《奔雷枪术·突》人偶图残页	解除自身减速效果。		8100	0			
394	1	8	418	1864	《奔雷枪术·突》人偶图断篇	解除自身锁足效果。		11700	0			
395	1	2	1	1858	《奔雷枪术·突》注解残页	施展招式的消耗降低15%。		2100	0			4
396	1	2	1	1858	《奔雷枪术·突》注解断篇	施展招式的消耗降低20%。		3600	0			5
397	1	9	418	1865	《奔雷枪术·突》真传残页	招式的有效距离增加2尺。		5700	0			5
398	1	6	418	1862	《奔雷枪术·突》参悟残页	伤害提高3%。		3000	0			5
399	1	6	418	1862	《奔雷枪术·突》参悟断篇	伤害提高4%。		2700	0			5
400	1	1	422	1857	《虎牙令·啸如虎》穴位图残页	调息时间减少10秒。		15600	0			5
401	1	1	422	1857	《虎牙令·啸如虎》穴位图断篇	调息时间减少10秒。		23400	0			5
402	1	1	422	1857	《虎牙令·啸如虎》穴位图绝章	调息时间减少10秒。		23400	0			5
403	1	10	422	1866	《虎牙令·啸如虎》手抄残页	招式效果持续时间增加2秒。		17700	0			5
404	1	8	422	1864	《虎牙令·啸如虎》人偶图残页	招式附加外功防御提高10%，持续10秒，最多叠加3层。		14400	0			
405	1	8	422	1864	《虎牙令·啸如虎》人偶图断篇	招式附加外功防御提高10%，持续10秒，最多叠加3层。		23400	0			
406	1	8	422	1864	《虎牙令·啸如虎》人偶图绝章	招式附加外功防御提高10%，持续10秒，最多叠加3层。		23400	0			
407	1	2	1	1858	《游龙骑法·战八方》注解残页	施展招式的消耗降低5%。	427	900	0			
408	1	2	1	1858	《游龙骑法·战八方》注解断篇	施展招式的消耗降低10%。	427	1200	0			
409	1	2	1	1858	《游龙骑法·战八方》注解绝章	施展招式的消耗降低15%。	427	3000	0			
410	1	9	427	1865	《游龙骑法·战八方》真传残页	招式的有效范围增加2尺。	427	1800	0			
411	1	11	427	1867	《游龙骑法·战八方》气血图残页	招式的有效目标人数增加1个。	427	2700	0			
412	1	6	427	1862	《游龙骑法·战八方》参悟残页	伤害提高5%。	427	1200	0			
413	1	6	427	1862	《游龙骑法·战八方》参悟断篇	伤害提高5%。	427	1500	0			
414	1	3	142	1870	《太素九针·长针》经脉图残页	运功时间减少0.25秒。		12900	0			
415	1	3	142	1870	《太素九针·长针》经脉图断篇	运功时间减少0.25秒。		12900	0			5
416	1	2	1	1869	《太素九针·长针》注解残页	施展招式的消耗降低5%。		2700	0			
417	1	2	1	1869	《太素九针·长针》注解断篇	施展招式的消耗降低10%。		3000	0			
418	1	9	142	1876	《太素九针·长针》真传残页	招式的有效距离增加4尺。		3900	0			5
419	1	8	142	1875	《太素九针·长针》人偶图残页	疗伤成效提高4%。		9600	0			5
420	1	8	142	1875	《太素九针·长针》人偶图断篇	疗伤成效提高5%。		17700	0			5
421	1	1	132	1868	《养心诀·春泥护花》穴位图残页	调息时间减少3秒。		11100	0			5
422	1	1	132	1868	《养心诀·春泥护花》穴位图断篇	调息时间减少3秒。		11400	0			5
423	1	1	132	1868	《养心诀·春泥护花》穴位图绝章	调息时间减少3秒。		23400	0			5
424	1	2	1	1869	《养心诀·春泥护花》注解残页	施展招式的消耗降低10%。		6600	0			
425	1	2	1	1869	《养心诀·春泥护花》注解断篇	施展招式的消耗降低15%。		7500	0			
426	1	8	132	1875	《养心诀·春泥护花》人偶图残页	招式附加气血恢复，持续9秒。		20400	0			
427	1	8	132	1875	《养心诀·春泥护花》人偶图断篇	立即回复目标大量气血值。		23400	0			
428	1	8	1	1875	《养心诀·春泥护花》人偶图绝章	招式附加受到的伤害降低5%。		21000	0			5
429	1	3	188	1870	《百花拂穴手·浮花浪蕊》经脉图残页	运功时间减少0.25秒。		10800	0			
430	1	2	188	1869	《百花拂穴手·浮花浪蕊》注解断篇	施展招式的消耗降低25%。		6000	0			
431	1	6	188	1873	《百花拂穴手·浮花浪蕊》参悟残页	伤害提高5%。		2400	0			
432	1	6	188	1873	《百花拂穴手·浮花浪蕊》参悟断篇	伤害提高10%。		3000	0			
433	1	6	188	1873	《百花拂穴手·浮花浪蕊》参悟绝章	伤害提高15%。		3600	0			
434	1	8	188	1875	《百花拂穴手·浮花浪蕊》人偶图残页	招式附加浮花不利气劲，内力消耗提高5%，持续9秒，最多叠加5层。		9300	0			
435	1	8	188	1875	《百花拂穴手·浮花浪蕊》人偶图断篇	招式附加浮花不利气劲，内力消耗提高5%，持续9秒，最多叠加5层。		9300	0			
436	1	3	137	1870	《太素九针·局针》经脉图残页	运功时间减少0.125秒。		21900	0			
437	1	3	137	1870	《太素九针·局针》经脉图断篇	运功时间减少0.125秒。		22800	0			
438	1	2	137	1869	《太素九针·局针》注解残页	施展招式的消耗降低5%。		8400	0			
439	1	2	137	1869	《太素九针·局针》注解断篇	施展招式的消耗降低10%。		8400	0			
440	1	9	137	1876	《太素九针·局针》真传残页	招式的有效距离增加4尺。		13800	0			
441	1	8	137	1875	《太素九针·局针》人偶图残页	疗伤成效提高4%。		12600	0			
442	1	8	137	1875	《太素九针·局针》人偶图断篇	疗伤成效提高5%。		23400	0			
443	1	1	190	1868	《百花拂穴手·兰摧玉折》穴位图残页	调息时间减少0.5秒。		15900	0			4
444	1	1	190	1868	《百花拂穴手·兰摧玉折》穴位图断篇	调息时间减少0.5秒。		13200	0			5
445	1	1	190	1868	《百花拂穴手·兰摧玉折》穴位图绝章	调息时间减少0.5秒。		23400	0			5
446	1	3	190	1870	《百花拂穴手·兰摧玉折》经脉图残页	运功时间减少0.25秒。		23400	0			5
447	1	2	1	1869	《百花拂穴手·兰摧玉折》注解残页	施展招式的消耗降低5%。		7500	0			
448	1	2	1	1869	《百花拂穴手·兰摧玉折》注解断篇	施展招式的消耗降低10%。		8400	0			
449	1	10	190	1877	《百花拂穴手·兰摧玉折》手抄残页	招式效果持续时间增加3秒。		23100	0			5
450	1	2	1	1869	《养心诀·清风垂露》注解残页	施展招式的消耗降低20%。		1800	0			
451	1	9	133	1876	《养心诀·清风垂露》真传残页	招式的有效距离增加2尺。		3000	0			
452	1	9	133	1876	《养心诀·清风垂露》真传断篇	招式的有效距离增加2尺。		5100	0			
453	1	9	133	1876	《养心诀·清风垂露》真传绝章	招式的有效距离增加2尺。		3900	0			
454	1	8	133	1875	《养心诀·清风垂露》人偶图残页	能卸除额外一个点穴状态。		7800	0			
455	1	8	133	1875	《养心诀·清风垂露》人偶图断篇	能卸除额外一个点穴状态。		7800	0			
456	1	8	133	1875	《养心诀·清风垂露》人偶图绝章	招式附带中等治疗效果。		11100	0			
457	1	2	1	1869	《点穴截脉·商阳指》注解残页	施展招式的消耗降低5%。		1200	0			
458	1	2	1	1869	《点穴截脉·商阳指》注解断篇	施展招式的消耗降低5%。		2100	0			5
459	1	2	1	1869	《点穴截脉·商阳指》注解绝章	施展招式的消耗降低10%。		3600	0			5
460	1	10	180	1877	《点穴截脉·商阳指》手抄残页	招式效果持续时间增加3秒。		6000	0			5
461	1	9	180	1876	《点穴截脉·商阳指》真传残页	招式的有效距离增加4尺。		5700	0			5
462	1	8	1	1875	《点穴截脉·商阳指》人偶图残页	每累计3跳使下一个“阳明指”无需运功，持续30秒，可叠加3层。		3600	0			
463	1	8	1	1875	《点穴截脉·商阳指》人偶图断篇	招式附加噬骨不利气劲，每层受混元性内功伤害提高2%，持续15秒，最多叠加5层。		4800	0			
464	1	3	184	1870	《点穴截脉·少明指》经脉图残页	运功时间减少0.125秒。		19500	0			
465	1	3	184	1870	《点穴截脉·少明指》经脉图断篇	运功时间减少0.125秒。		10800	0			
466	1	9	184	1876	《点穴截脉·少明指》真传残页	招式的有效距离增加2尺。		3000	0			
467	1	9	184	1876	《点穴截脉·少明指》真传断篇	招式的有效距离增加2尺。		3600	0			
468	1	9	184	1876	《点穴截脉·少明指》真传绝章	招式的有效距离增加2尺。		3600	0			
469	1	6	184	1873	《点穴截脉·少明指》参悟残页	伤害提高20%。		2100	0			
470	1	6	184	1873	《点穴截脉·少明指》参悟断篇	伤害提高30%。		4500	0			
471	1	8	184	1875	《点穴截脉·少明指》人偶图残页	能卸除目标额外一个阳性内功气劲。		11400	0			
472	1	3	138	1870	《太素九针·提针》经脉图残页	运功时间减少0.25秒。		20100	0			5
473	1	3	138	1870	《太素九针·提针》经脉图断篇	运功时间减少0.25秒。		23400	0			5
474	1	2	1	1869	《太素九针·提针》注解残页	施展招式的消耗降低5%。		6900	0			
475	1	2	1	1869	《太素九针·提针》注解断篇	施展招式的消耗降低10%。		7500	0			
476	1	9	138	1876	《太素九针·提针》真传残页	招式的有效距离增加4尺。		12300	0			
477	1	8	138	1875	《太素九针·提针》人偶图残页	疗伤成效提高4%。		18300	0			
478	1	8	138	1875	《太素九针·提针》人偶图断篇	疗伤成效提高5%。		23400	0			5
478	2	0	0	0	测试	测试	0	-60	0	0		
479	1	1	1	1868	《养心诀·星楼月影》穴位图残页	调息时间减少3秒。		18900	0			
480	1	1	1	1868	《养心诀·星楼月影》穴位图断篇	调息时间减少3秒。		23400	0			
481	1	2	1	1869	《养心诀·星楼月影》注解残页	施展招式的消耗降低10%。		6900	0			
482	1	2	1	1869	《养心诀·星楼月影》注解断篇	施展招式的消耗降低15%。		7500	0			
483	1	2	1	1869	《养心诀·星楼月影》注解绝章	施展招式的消耗降低20%。		9300	0			
484	1	8	100	1875	《养心诀·星楼月影》人偶图残页	招式附加气血恢复，持续9秒。		20100	0			
485	1	8	100	1875	《养心诀·星楼月影》人偶图断篇	招式附加受到的伤害降低30%，持续3秒。		23400	0			
486	1	3	179	1870	《点穴截脉·阳明指》经脉图残页	运功时间减少0.125秒。		23400	0			
487	1	3	179	1870	《点穴截脉·阳明指》经脉图断篇	运功时间减少0.125秒。		23400	0			
488	1	2	1	1869	《点穴截脉·阳明指》注解残页	施展招式的消耗降低5%。		6900	0			
489	1	2	1	1869	《点穴截脉·阳明指》注解断篇	施展招式的消耗降低10%。		6900	0			
490	1	5	179	1872	《点穴截脉·阳明指》秘诀残页	会心提高2%。		7800	0			5
491	1	5	179	1872	《点穴截脉·阳明指》秘诀断篇	会心提高3%。		14100	0			5
492	1	6	179	1873	《点穴截脉·阳明指》参悟残页	伤害提高3%。		8100	0			5
493	1	6	179	1873	《点穴截脉·阳明指》参悟断篇	伤害提高4%。		15600	0			5
494	1	3	189	1870	《百花拂穴手·钟林毓秀》经脉图残页	运功时间减少0.125秒。		16200	0			5
495	1	3	189	1870	《百花拂穴手·钟林毓秀》经脉图断篇	运功时间减少0.125秒。		19800	0			5
496	1	3	189	1870	《百花拂穴手·钟林毓秀》经脉图绝章	运功时间减少0.5秒。		23400	0			5
497	1	2	1	1869	《百花拂穴手·钟林毓秀》注解残页	施展招式的消耗降低5%。		7500	0			
498	1	2	1	1869	《百花拂穴手·钟林毓秀》注解断篇	施展招式的消耗降低10%。		10500	0			
499	1	10	189	1877	《百花拂穴手·钟林毓秀》手抄残页	招式效果持续时间增加3秒。		18900	0			5
500	1	8	1	1875	《百花拂穴手·钟林毓秀》人偶图残页	招式附加噬骨不利气劲，每层受混元性内功伤害提高2%，持续15秒，最多叠加5层。		16500	0			
501	1	8	1	1875	《百花拂穴手·钟林毓秀》人偶图断篇	招式附加噬骨不利气劲，每层受混元性内功伤害提高2%，持续15秒，最多叠加5层。		23400	0			
502	1	0	0	0	测试	测试			0			
507	1	6	1	1840	《猿公剑法·剑主天地》参悟绝章	伤害提高5%。		8700	0			
511	1		0	0	《羽林枪法·龙牙》参悟绝章	伤害提高5%。			0			
543	1	0	0	0	藏剑场景教学_霞流宝石	测试			0			
545	1	5	1578	2560	《秀水剑法·平湖断月》秘诀残页	会心提高2%。		2700	0			
546	1	6	1578	2561	《秀水剑法·平湖断月》参悟残页	伤害提高3%。		3000	0			
547	1	6	1578	2561	《秀水剑法·平湖断月》参悟断篇	伤害提高4%。		3300	0			5
548	1	6	1578	2561	《秀水剑法·平湖断月》参悟绝章	伤害提高5%。		5400	0			5
549	1	9	1578	2564	《秀水剑法·平湖断月》真传残页	招式的有效距离增加1尺。		5700	0			
550	1	8	1578	2563	《秀水剑法·平湖断月》人偶图残页	命中运功中的目标，使其眩晕4秒并打断目标运功。		6900	0			5
551	1	8	1	2563	《秀水剑法·平湖断月》人偶图断篇	招式额外获得9点剑气。		7500	0			5
552	1	5	1581	2560	《秀水剑法·黄龙吐翠》秘诀残页	会心提高2%。		3000	0			
553	1	5	1581	2560	《秀水剑法·黄龙吐翠》秘诀断篇	会心提高3%。		3300	0			
554	1	5	1581	2560	《秀水剑法·黄龙吐翠》秘诀绝章	会心提高4%。		4800	0			5
555	1	6	1581	2561	《秀水剑法·黄龙吐翠》参悟残页	伤害提高3%。		4200	0			
556	1	6	1581	2561	《秀水剑法·黄龙吐翠》参悟断篇	伤害提高4%。		5100	0			
557	1	6	1581	2561	《秀水剑法·黄龙吐翠》参悟绝章	伤害提高5%。		5400	0			5
558	1	8	1	2563	《秀水剑法·黄龙吐翠》人偶图残页	招式额外获得4点剑气。		9600	0			5
559	1	8	1	2563	《秀水剑法·黄龙吐翠》人偶图断篇	招式额外获得6点剑气。		8400	0			5
560	1	5	1579	2560	《秀水剑法·九溪弥烟》秘诀残页	会心提高2%。		9300	0			
561	1	5	1579	2560	《秀水剑法·九溪弥烟》秘诀断篇	会心提高3%。		8100	0			
562	1	6	1579	2561	《秀水剑法·九溪弥烟》参悟残页	伤害提高3%。		7800	0			
563	1	6	1579	2561	《秀水剑法·九溪弥烟》参悟断篇	伤害提高4%。		8400	0			
564	1	6	1579	2561	《秀水剑法·九溪弥烟》参悟绝章	伤害提高5%。		11400	0			
565	1	9	1579	2564	《秀水剑法·九溪弥烟》真传残页	招式的有效范围增加1尺。		9300	0			
566	1	9	1579	2564	《秀水剑法·九溪弥烟》真传断篇	招式的有效范围增加1尺。		17100	0			
567	1	3	1593	2558	《灵峰剑式·云飞玉皇》经脉图残页	运功时间减少0.25秒。		23400	0			5
568	1	3	1593	2558	《灵峰剑式·云飞玉皇》经脉图断篇	运功时间减少0.25秒。		23400	0			5
569	1	6	1593	2561	《灵峰剑式·云飞玉皇》参悟残页	伤害提高2%。		8100	0			
570	1	6	1593	2561	《灵峰剑式·云飞玉皇》参悟断篇	伤害提高3%。		8400	0			
571	1	6	1593	2561	《灵峰剑式·云飞玉皇》参悟绝章	伤害提高4%。		14100	0			5
572	1	7	1593	2562	《灵峰剑式·云飞玉皇》详解残页	命中提高1%。		9300	0			
573	1	7	1593	2562	《灵峰剑式·云飞玉皇》详解断篇	命中提高2%。		12300	0			
574	1	5	1593	2560	《灵峰剑式·云飞玉皇》秘诀残页	会心提高3%。		8700	0			5
575	1	3	1600	2558	《灵峰剑式·夕照雷峰》经脉图残页	运功时间减少0.125秒。		18900	0			5
576	1	3	1600	2558	《灵峰剑式·夕照雷峰》经脉图断篇	运功时间减少0.125秒。		23400	0			5
577	1	7	1600	2562	《灵峰剑式·夕照雷峰》详解残页	命中提高1%。		13200	0			
578	1	7	1600	2562	《灵峰剑式·夕照雷峰》详解断篇	命中提高2%。		11700	0			
579	1	6	1600	2561	《灵峰剑式·夕照雷峰》参悟残页	伤害提高2%。		9600	0			
580	1	6	1600	2561	《灵峰剑式·夕照雷峰》参悟断篇	伤害提高3%。		12300	0			
581	1	6	1600	2561	《灵峰剑式·夕照雷峰》参悟绝章	伤害提高4%。		11700	0			5
582	1	5	1600	2560	《灵峰剑式·夕照雷峰》秘诀残页	会心提高3%。		9900	0			5
583	1	6	1645	2561	《灵峰剑式·风来吴山》参悟残页	伤害提高2%。		2400	0			5
584	1	6	1645	2561	《灵峰剑式·风来吴山》参悟断篇	伤害提高3%。		3000	0			5
585	1	6	1645	2561	《灵峰剑式·风来吴山》参悟绝章	伤害提高4%。		4200	0			5
586	1	8	1645	2563	《灵峰剑式·风来吴山》人偶图残页	招式附加目标减速效果，持续3秒。		14100	0			
587	1	8	1645	2563	《灵峰剑式·风来吴山》人偶图断篇	招式附加提高自身移速效果，持续5秒。		11400	0			
588	1	5	1645	2560	《灵峰剑式·风来吴山》秘诀残页	会心提高2%。		2400	0			
589	1	5	1645	2560	《灵峰剑式·风来吴山》秘诀断篇	会心提高3%。		2100	0			5
590	1	1	1	2556	《君子风·听雷》穴位图残页	调息时间减少0.25秒。		3900	0			
591	1	1	1	2556	《君子风·听雷》穴位图断篇	调息时间减少0.25秒。		8400	0			
592	1	7	1	2562	《君子风·听雷》详解残页	命中提高1%。		2700	0			
593	1	8	1646	2562	《君子风·听雷》人偶图残页	问水诀下内功施展额外获得15点剑气。		3600	0			
594	1	5	1646	2560	《君子风·听雷》秘诀残页	会心提高2%。		2400	0			
595	1	5	1646	2560	《君子风·听雷》秘诀断篇	会心提高3%。		4200	0			5
596	1	6	1646	2561	《君子风·听雷》参悟残页	伤害提高3%。		2400	0			5
597	1	6	1646	2561	《君子风·听雷》参悟断篇	伤害提高4%。		3300	0			5
598	1	6	1646	2561	《君子风·听雷》参悟绝章	伤害提高5%。		3300	0			5
599	1	5	1651	2560	《君子风·断潮》秘诀残页	会心提高2%。		2700	0			
600	1	5	1651	2560	《君子风·断潮》秘诀断篇	会心提高3%。		4500	0			
601	1	5	1651	2560	《君子风·断潮》秘诀绝章	会心提高4%。		3600	0			
602	1	6	1651	2561	《君子风·断潮》参悟残页	伤害提高3%。		3000	0			
603	1	6	1651	2561	《君子风·断潮》参悟断篇	伤害提高4%。		3600	0			
604	1	6	1651	2561	《君子风·断潮》参悟绝章	伤害提高5%。		4500	0			
605	1	8	1656	2563	《君子风·啸日》人偶图残页	施展招式获得10点剑气。		15900	0			5
606	1	8	1656	2563	《君子风·啸日》人偶图断篇	招式附加卸除自身点穴不利效果。		23400	0			
607	1	8	1656	2563	《君子风·啸日》人偶图绝章	招式附加卸除自身混元性不利效果。		23400	0			
608	1	10	1656	2556	《君子风·啸日》手抄残页	招式附加效果持续时间增加0.5秒。		18300	0			5
609	1	10	1656	2556	《君子风·啸日》手抄断篇	招式附加效果持续时间增加0.5秒。		17400	0			5
610	1	10	1656	2556	《君子风·啸日》手抄绝章	招式附加效果持续时间增加0.5秒。		23400	0			5
611	1	1	1664	2556	《西子情·雪断桥》穴位图残页	调息时间减少10秒。		7200	0			
612	1	1	1664	2556	《西子情·雪断桥》穴位图断篇	调息时间减少10秒。		7200	0			
613	1	1	1664	2556	《西子情·雪断桥》穴位图绝章	调息时间减少10秒。		7200	0			
614	1	8	1664	2563	《西子情·雪断桥》人偶图残页	招式额外获得10点剑气。		4800	0			
615	1	8	1664	2563	《西子情·雪断桥》人偶图断篇	招式额外获得10点剑气。		14100	0			
616	1	8	1664	2563	《西子情·雪断桥》人偶图绝章	招式额外获得10点剑气。		14400	0			
617	1	1	1	2556	《西子情·风吹荷》穴位图残页	调息时间减少1秒。		4800	0			
618	1	1	1	2556	《西子情·风吹荷》穴位图断篇	调息时间减少2秒。		5400	0			
619	1	1	1	2556	《西子情·风吹荷》穴位图绝章	调息时间减少2秒。		5400	0			
620	1	8	1	2565	《西子情·风吹荷》人偶图残页	效果期间成功闪避后获得10点剑气。		3300	0			
621	1	7	1	2562	《西子情·风吹荷》详解残页	命中提高1%。		1500	0			
622	1	7	1	2562	《西子情·风吹荷》详解断篇	命中提高2%。		2100	0			
623	1	9	1	2564	《西子情·风吹荷》真传残页	招式的有效距离增加1尺。		1200	0			
624	1	9	1	2564	《西子情·风吹荷》真传断篇	招式的有效距离增加1尺。		1800	0			
625	1	9	1	2564	《西子情·风吹荷》真传绝章	招式的有效距离增加1尺。		2400	0			
626	1	1	1668	2556	《西子情·云栖松》穴位图残页	调息时间减少10秒。		4800	0			5
627	1	1	1668	2556	《西子情·云栖松》穴位图断篇	调息时间减少10秒。		4800	0			5
628	1	10	1668	2565	《西子情·云栖松》手抄残页	招式闪躲效果持续时间增加4秒。		4500	0			
629	1	10	1	2565	《西子情·云栖松》手抄断篇	招式闪躲效果持续时间增加2秒。		8100	0			5
630	1	8	1668	2563	《西子情·云栖松》人偶图绝章	调息时间降低 20 秒，不再获得闪避效果，可在基础调息期间施展，施展后立即回复 30 点剑气且自身每秒回复3点剑气持续6秒。		5700	0			5
631	1	8	1668	2563	《西子情·云栖松》人偶图残页	卸除自身阳性、混元性、阴性、毒性不利效果各两个。		12300	0			
632	1	8	1668	2563	《西子情·云栖松》人偶图断篇	招式附加气血恢复，持续5秒。		15900	0			
639	1	1	0	0	七秀PVP套装效果	绛唇珠袖调息时间减少10s			0			
640	1	1	0	0	少林PVP套装效果	捉影式的调息时间减少3秒			0			
641	1	1	0	0	天策PVP套装效果	突的调息时间减少3秒			0			
642	1	1	0	0	万花PVP套装效果	水月无间的调息时间减少6秒			0			
644	1	1	0	0	藏剑PVP套装效果	醉月减1sCD			0			
645	1	1	0	0	纯阳PVP套装效果	“人剑合一”招式调息时间减少1秒			0			
646	1	1	0	0	纯阳PVP套装效果	“生太极”招式调息时间减少1秒			0			
647	1	7	34	1885	《防身武艺·虹气长空》详解残页	命中提高1%。		2100	0			
648	1	7	34	1885	《防身武艺·虹气长空》详解断篇	命中提高2%。		2400	0			
649	1	7	34	1885	《防身武艺·虹气长空》详解绝章	命中提高3%。		2700	0			
718	1	1	2235	2716	《补天心经·千蝶吐瑞》穴位图残页	调息时间减少10秒。		8400	0			5
719	1	1	2235	2716	《补天心经·千蝶吐瑞》穴位图断篇	调息时间减少10秒。		8400	0			5
720	1	2	1	2717	《补天心经·千蝶吐瑞》注解残页	施展招式的消耗降低5%。		2400	0			
721	1	2	1	2717	《补天心经·千蝶吐瑞》注解断篇	施展招式的消耗降低10%。		2700	0			
722	1	1	2235	2716	《补天心经·千蝶吐瑞》穴位图绝章	调息时间减少10秒。		3300	0			5
723	1	8	2235	2723	《补天心经·千蝶吐瑞》人偶图残页	疗伤成效提高4%。		8700	0			
724	1	8	2235	2723	《补天心经·千蝶吐瑞》人偶图断篇	疗伤成效提高5%。		8700	0			5
725	1	6	2214	2721	《引魂蛊术·夺命蛊》参悟残页	伤害提高10%。		4200	0			
726	1	6	2214	2721	《引魂蛊术·夺命蛊》参悟断篇	伤害提高10%。		4200	0			
727	1	6	2214	2721	《引魂蛊术·夺命蛊》参悟绝章	伤害提高10%。		5700	0			
728	1	2	2214	2717	《引魂蛊术·夺命蛊》注解残页	施展招式的消耗降低5%。		3900	0			
729	1	2	2214	2717	《引魂蛊术·夺命蛊》注解断篇	施展招式的消耗降低10%。		2700	0			
730	1	9	2214	2724	《引魂蛊术·夺命蛊》真传残页	招式的有效距离增加1尺。		4200	0			
731	1	9	2214	2724	《引魂蛊术·夺命蛊》真传断篇	招式的有效距离增加2尺。		4200	0			
732	1	1	1	2716	《驭虫奇术·蛊虫献祭》穴位图残页	调息时间减少2秒。		21900	0			5
733	1	1	1	2716	《驭虫奇术·蛊虫献祭》穴位图断篇	调息时间减少3秒。		18300	0			5
734	1	2	1	2717	《驭虫奇术·蛊虫献祭》注解残页	施展招式的消耗降低5%。		6900	0			
735	1	2	1	2717	《驭虫奇术·蛊虫献祭》注解断篇	施展招式的消耗降低5%。		7500	0			
736	1	2	1	2717	《驭虫奇术·蛊虫献祭》注解绝章	施展招式的消耗降低10%。		6300	0			
737	1	8	2226	2723	《驭虫奇术·蛊虫献祭》人偶图残页	招式附加气血恢复，持续9秒，最多叠加2层。		23400	0			5
738	1	8	2226	2723	《驭虫奇术·蛊虫献祭》人偶图断篇	招式附加气血恢复，持续9秒，最多叠加2层。		23400	0			5
739	1	3	2232	2718	《补天心经·冰蚕牵丝》经脉图残页	运功时间减少0.25秒。	2232	13500	0			5
740	1	8	2232	2723	《补天心经·冰蚕牵丝》人偶图绝章	宠物死亡后，将获得3层“蚕引”效果，使下一次“冰蚕牵丝”无需运功，治疗成效提高60%，“蚕引”效果最多存在4层。	2232	44400	0			5
741	1	2	1	2717	《补天心经·冰蚕牵丝》注解残页	施展招式的消耗降低5%。	2232	10200	0			
742	1	2	1	2717	《补天心经·冰蚕牵丝》注解断篇	施展招式的消耗降低10%。	2232	7200	0			
743	1	9	2232	2724	《补天心经·冰蚕牵丝》真传残页	招式的有效距离增加2尺。	2232	16500	0			4
744	1	8	2232	2723	《补天心经·冰蚕牵丝》人偶图残页	疗伤成效提高4%。	2232	11400	0	1		5
745	1	8	2232	2723	《补天心经·冰蚕牵丝》人偶图断篇	疗伤成效提高5%。	2232	23400	0	2		5
746	1	6	18584	2721	《引魂蛊术·灵蛊》参悟残页	伤害提高10%。		8400	0			5
747	1	6	18584	2721	《引魂蛊术·灵蛊》参悟断篇	伤害提高10%。		10800	0			5
748	1	6	18584	2721	《引魂蛊术·灵蛊》参悟绝章	伤害提高10%。		13200	0			5
749	1	2	1	2717	《引魂蛊术·灵蛊》注解残页	施展招式的消耗降低5%。		1800	0			
750	1	2	1	2717	《引魂蛊术·灵蛊》注解断篇	施展招式的消耗降低5%。		3900	0			
751	1	2	1	2717	《引魂蛊术·灵蛊》注解绝章	施展招式的消耗降低10%。		6000	0			
752	1	9	18584	2724	《引魂蛊术·灵蛊》真传残页	招式的有效距离增加1尺。		3900	0			4
753	1	9	18584	2724	《引魂蛊术·灵蛊》真传断篇	招式的有效距离增加2尺。		8400	0			5
754	1	6	2216	2721	《引魂蛊术·枯残蛊》参悟残页	伤害提高10%。		6000	0			
755	1	6	2216	2721	《引魂蛊术·枯残蛊》参悟断篇	伤害提高10%。		5100	0			
756	1	6	2216	2721	《引魂蛊术·枯残蛊》参悟绝章	伤害提高10%。		11100	0			
757	1	2	2216	2717	《引魂蛊术·枯残蛊》注解残页	施展招式的消耗降低5%。		2400	0			
758	1	2	2216	2717	《引魂蛊术·枯残蛊》注解断篇	施展招式的消耗降低5%。		3000	0			
759	1	2	2216	2717	《引魂蛊术·枯残蛊》注解绝章	施展招式的消耗降低10%。		3000	0			
760	1	9	2216	2724	《引魂蛊术·枯残蛊》真传残页	招式的有效距离增加1尺。		4200	0			
761	1	9	2216	2724	《引魂蛊术·枯残蛊》真传断篇	招式的有效距离增加2尺。		4200	0			
762	1	5	2211	2720	《千劫万毒手·蛇影》秘诀残页	会心提高2%。	2211	6300	0			4
763	1	5	2211	2720	《千劫万毒手·蛇影》秘诀断篇	会心提高3%。	2211	6300	0			4
764	1	5	2211	2720	《千劫万毒手·蛇影》秘诀绝章	会心提高4%。		9900	0			5
765	1	10	2211	2725	《千劫万毒手·蛇影》手抄残页	招式效果持续时间增加2秒。		8700	0			5
766	1	9	2211	2724	《千劫万毒手·蛇影》真传残页	招式的有效距离增加4尺。		10200	0			
767	1	6	2211	2721	《千劫万毒手·蛇影》参悟残页	伤害提高4%。		7200	0	1		5
768	1	6	2211	2721	《千劫万毒手·蛇影》参悟断篇	伤害提高5%。		8400	0	2		5
769	1	1	2212	2716	《千劫万毒手·百足》穴位图断篇	调息时间减少1秒。		6000	0	2		4
770	1	1	2212	2716	《千劫万毒手·百足》穴位图绝章	调息时间减少1秒。		5700	0	3		5
771	1	12	2212	2724	《千劫万毒手·百足》真传残页	招式的有效范围增加1尺。		3300	0			
772	1	12	2212	2724	《千劫万毒手·百足》真传断篇	招式的有效范围增加2尺。		3900	0			
773	1	6	2212	2721	《千劫万毒手·百足》参悟绝章	伤害提高10%。		3900	0	3		5
774	1	6	2212	2721	《千劫万毒手·百足》参悟残页	伤害提高5%。		3000	0	1		5
775	1	6	2212	2721	《千劫万毒手·百足》参悟断篇	伤害提高10%。		2700	0	2		5
776	1	1	2212	2716	《千劫万毒手·百足》穴位图残页	调息时间减少1秒。		10200	0	1		3
777	1	12	2233	2724	《补天心经·醉舞九天》真传断篇	招式的有效范围增加2尺。		13800	0	2		5
778	1	8	2233	2723	《补天心经·醉舞九天》人偶图绝章	疗伤成效提高6%。		21600	0	3		5
779	1	2	1	2717	《补天心经·醉舞九天》注解残页	施展招式的消耗降低5%。		6300	0			
780	1	2	1	2717	《补天心经·醉舞九天》注解断篇	施展招式的消耗降低10%。		6300	0			
781	1	12	2233	2724	《补天心经·醉舞九天》真传残页	招式的有效范围增加2尺。		10200	0	1		5
782	1	8	2233	2723	《补天心经·醉舞九天》人偶图残页	疗伤成效提高4%。		9000	0	1		
783	1	8	2233	2723	《补天心经·醉舞九天》人偶图断篇	疗伤成效提高5%。		23400	0	2		5
784	1	1	2220	2716	《引魂蛊术·凤凰蛊》穴位图残页	调息时间减少120秒。		7500	0			5
785	1	1	2220	2716	《引魂蛊术·凤凰蛊》穴位图断篇	调息时间减少180秒。		13500	0			5
786	1	2	1	2717	《引魂蛊术·凤凰蛊》注解残页	施展招式的消耗降低10%。		2100	0			
787	1	2	1	2717	《引魂蛊术·凤凰蛊》注解断篇	施展招式的消耗降低15%。		2100	0			
788	1	2	1	2717	《引魂蛊术·凤凰蛊》注解绝章	施展招式的消耗降低20%。		2100	0			
789	1	8	2220	2723	《引魂蛊术·凤凰蛊》人偶图残页	招式附加目标重伤原地起身后最大气血值提高，持续20秒。		7800	0			5
790	1	8	2220	2723	《引魂蛊术·凤凰蛊》人偶图断篇	目标重伤原地起身后不受伤害，持续2秒。		7800	0			5
791	1	3	2209	2718	《千劫万毒手·蝎心》经脉图残页	运功时间减少0.125秒。	2209	19200	0			5
792	1	3	2209	2718	《千劫万毒手·蝎心》经脉图断篇	运功时间减少0.125秒。	2209	14100	0			5
793	1	2	1	2717	《千劫万毒手·蝎心》注解残页	施展招式的消耗降低10%。	2209	8400	0			
794	1	5	2209	2720	《千劫万毒手·蝎心》秘诀残页	会心提高2%。	2209	8400	0			4
795	1	5	2209	2720	《千劫万毒手·蝎心》秘诀断篇	会心提高3%。	2209	9300	0			5
796	1	6	2209	2721	《千劫万毒手·蝎心》参悟残页	伤害提高3%。	2209	9300	0			4
797	1	6	2209	2721	《千劫万毒手·蝎心》参悟断篇	伤害提高4%。	2209	10800	0			5
798	1	1	2230	2716	《补天心经·女娲补天》穴位图残页	调息时间减少1秒。		5400	0			5
799	1	1	2230	2716	《补天心经·女娲补天》穴位图断篇	调息时间减少2秒。		9000	0			5
800	1	1	2230	2716	《补天心经·女娲补天》穴位图绝章	调息时间减少3秒。		16500	0			5
801	1	10	2230	2725	《补天心经·女娲补天》手抄残页	招式效果持续时间增加3秒。		17100	0			5
802	1	2	1	2717	《补天心经·女娲补天》注解残页	施展招式的消耗降低10%。		6000	0			
803	1	2	1	2717	《补天心经·女娲补天》注解断篇	施展招式的消耗降低20%。		11100	0			
804	1	8	2230	2723	《补天心经·女娲补天》人偶图残页	移动速度提高10%。		3900	0			
805	1	8	2230	2723	《补天心经·女娲补天》人偶图断篇	移动速度提高10%。		9600	0			
810	1	1	0	0	五毒PVP套装属性	蛊虫献祭的调息时间减少2秒			0			
819	1	6	3087	3159	《乾坤一掷·化血镖》参悟残页	伤害提高3%。		2100	0			
820	1	6	3087	3159	《乾坤一掷·化血镖》参悟断篇	伤害提高4%。		2400	0			
822	1	9	3087	3162	《乾坤一掷·化血镖》真传残页	招式的有效距离增加1尺。		3000	0			
823	1	9	3087	3162	《乾坤一掷·化血镖》真传断篇	招式的有效距离增加1尺。		3600	0			
824	1	10	3087	3163	《乾坤一掷·化血镖》手抄残页	招式效果持续时间增加3秒。		9900	0			
825	1	8	1	3161	《九宫飞星·蚀肌弹》人偶图残页	招式附加噬心毒性不利气劲，每层受毒性内功伤害提高2%，持续21秒，最多叠加5层。		10800	0			
826	1	8	1	3161	《九宫飞星·蚀肌弹》人偶图断篇	招式附加噬心毒性不利气劲，每层受毒性内功伤害提高2%，持续21秒，最多叠加5层。		10800	0			
827	1	1	3091	3154	《乾坤一掷·孔雀翎》穴位图残页	调息时间减少1秒。		4800	0			5
828	1	1	3091	3154	《乾坤一掷·孔雀翎》穴位图断篇	调息时间减少1秒。		6600	0			5
829	1	1	3091	3154	《乾坤一掷·孔雀翎》穴位图绝章	调息时间减少1秒。		9000	0			5
830	1	9	3091	3162	《乾坤一掷·孔雀翎》真传残页	招式的有效距离增加1尺。		5700	0			
831	1	9	3091	3162	《乾坤一掷·孔雀翎》真传断篇	招式的有效距离增加1尺。		3600	0			
832	1	9	3091	3162	《乾坤一掷·孔雀翎》真传绝章	招式的有效距离增加1尺。		5100	0			5
833	1	10	3091	3163	《乾坤一掷·孔雀翎》手抄残页	招式效果持续时间增加2秒。		16200	0			
834	1	6	3093	3159	《乾坤一掷·暴雨梨花针》参悟残页	伤害提高3%。		7200	0			
835	1	6	3093	3159	《乾坤一掷·暴雨梨花针》参悟断篇	伤害提高4%。		6900	0			5
836	1	6	3093	3159	《乾坤一掷·暴雨梨花针》参悟绝章	伤害提高5%。		8100	0			5
837	1	5	3093	3158	《乾坤一掷·暴雨梨花针》秘诀残页	会心提高3%。		7800	0			
838	1	5	3093	3158	《乾坤一掷·暴雨梨花针》秘诀断篇	会心提高4%。		6900	0			5
840	1	7	3093	3160	《乾坤一掷·暴雨梨花针》详解残页	命中提高1%。		7200	0			
841	1	7	3093	3160	《乾坤一掷·暴雨梨花针》详解断篇	命中提高2%。		7500	0			
842	1	8	3093	3161	《乾坤一掷·暴雨梨花针》人偶图残页	招式附加气魄效果，每层元气和力道提高2%，持续30秒，最多叠加5层。		23400	0			5
843	1	3	3095	3156	《百步穿杨·夺魄箭》经脉图残页	运功时间减少0.125秒。		14700	0			5
844	1	3	3095	3156	《百步穿杨·夺魄箭》经脉图断篇	运功时间减少0.125秒。		23400	0			5
845	1	6	3095	3159	《百步穿杨·夺魄箭》参悟残页	伤害提高3%。		7200	0			
846	1	6	3095	3159	《百步穿杨·夺魄箭》参悟断篇	伤害提高4%。		9300	0			5
848	1	5	3095	3158	《百步穿杨·夺魄箭》秘诀残页	会心提高3%。		2700	0			
849	1	5	3095	3158	《百步穿杨·夺魄箭》秘诀断篇	会心提高4%。		9300	0			
850	1	5	3095	3158	《百步穿杨·夺魄箭》秘诀绝章	会心提高5%。		11400	0			5
851	1	1	3096	3154	《百步穿杨·追命箭》穴位图残页	调息时间减少1秒。		13200	0			
852	1	1	3096	3154	《百步穿杨·追命箭》穴位图断篇	调息时间减少1秒。		19800	0			4
853	1	6	3096	3159	《百步穿杨·追命箭》参悟残页	伤害提高3%。		8100	0			
854	1	6	3096	3159	《百步穿杨·追命箭》参悟断篇	伤害提高4%。		9000	0			
855	1	6	3096	3159	《百步穿杨·追命箭》参悟绝章	伤害提高5%。		10200	0			5
856	1	5	3096	3158	《百步穿杨·追命箭》秘诀残页	会心提高3%。		7200	0			
857	1	5	3096	3158	《百步穿杨·追命箭》秘诀断篇	会心提高4%。		8100	0			
858	1	8	3096	3161	《百步穿杨·追命箭》人偶图残页	招式忽视目标20%外功防御。		23400	0			5
859	1	6	3098	3159	《百步穿杨·穿心弩》参悟残页	伤害提高5%。		2400	0			
860	1	6	3098	3159	《百步穿杨·穿心弩》参悟断篇	伤害提高10%。		2400	0			5
861	1	1	3098	3154	《百步穿杨·穿心弩》穴位图残页	调息时间减少1秒。		5700	0			5
862	1	1	3098	3154	《百步穿杨·穿心弩》穴位图断篇	调息时间减少1秒。		7200	0			5
863	1	9	3098	3162	《百步穿杨·穿心弩》真传残页	招式的有效距离增加1尺。		4800	0			
864	1	9	3098	3162	《百步穿杨·穿心弩》真传断篇	招式的有效距离增加1尺。		6000	0			
866	1	8	1	3161	《百步穿杨·穿心弩》人偶图残页	招式附加“气散”外功不利气劲，施展招式的内力消耗提高30%，持续5秒。		12300	0			
867	1	10	3098	3163	《百步穿杨·穿心弩》手抄残页	招式效果持续时间增加3秒。		8100	0			5
868	1	3	3105	3156	《九宫飞星·蚀肌弹》经脉图残页	运功时间减少0.125秒。		14700	0			5
869	1	3	3105	3156	《九宫飞星·蚀肌弹》经脉图断篇	运功时间减少0.125秒。		23400	0			5
870	1	6	3105	3159	《九宫飞星·蚀肌弹》参悟残页	伤害提高3%。		7200	0			
871	1	6	3105	3159	《九宫飞星·蚀肌弹》参悟断篇	伤害提高4%。		9000	0			5
872	1	6	3105	3159	《九宫飞星·蚀肌弹》参悟绝章	伤害提高5%。		10500	0			5
873	1	5	3105	3158	《九宫飞星·蚀肌弹》秘诀残页	会心提高3%。		9300	0			
874	1	5	3105	3158	《九宫飞星·蚀肌弹》秘诀断篇	会心提高4%。		10800	0			
876	1	6	3107	3159	《九宫飞星·鲲鹏铁爪》参悟残页	伤害提高10%。		2400	0			
877	1	6	3107	3159	《九宫飞星·鲲鹏铁爪》参悟断篇	伤害提高15%。		3300	0			
878	1	1	3107	3154	《九宫飞星·鲲鹏铁爪》穴位图残页	调息时间减少3秒。		7800	0			
879	1	1	3107	3154	《九宫飞星·鲲鹏铁爪》穴位图断篇	调息时间减少3秒。		9900	0			
880	1	12	3107	3162	《九宫飞星·鲲鹏铁爪》真传残页	招式的有效范围增加1尺。		6600	0			
881	1	12	3107	3162	《九宫飞星·鲲鹏铁爪》真传断篇	招式的有效范围增加1尺。		8400	0			
882	1	11	3107	3164	《九宫飞星·鲲鹏铁爪》气血图残页	招式的有效目标人数增加1个。		8400	0			
883	1	8	3108	3161	《九宫飞星·天绝地灭》人偶图残页	拉扯附带“身乏”毒性不利气劲：无法施展轻功，持续3秒。		18300	0			
884	1	6	3108	3159	《九宫飞星·天绝地灭》参悟残页	伤害提高3%。		7200	0			5
885	1	6	3108	3159	《九宫飞星·天绝地灭》参悟断篇	伤害提高4%。		8100	0			5
886	1	6	3108	3159	《九宫飞星·天绝地灭》参悟绝章	伤害提高5%。		10200	0			5
887	1	12	3108	3162	《九宫飞星·天绝地灭》真传残页	招式的有效范围增加1尺。		9600	0			4
888	1	12	3108	3162	《九宫飞星·天绝地灭》真传断篇	招式的有效范围增加1尺。		9900	0			5
890	1	11	3108	3164	《九宫飞星·天绝地灭》气血图残页	招式的有效目标人数增加1个。		19800	0			
891	1	11	3108	3164	《九宫飞星·天绝地灭》气血图断篇	招式的有效目标人数增加1个。		23400	0			
892	1	6	3113	3159	《天魔无相·钻心刺骨》参悟残页	伤害提高3%。		2100	0			
893	1	6	3113	3159	《天魔无相·钻心刺骨》参悟断篇	伤害提高4%。		1800	0			
894	1	6	3113	3159	《天魔无相·钻心刺骨》参悟绝章	伤害提高5%。		2400	0			
895	1	5	3113	3158	《天魔无相·钻心刺骨》秘诀残页	会心提高3%。		2100	0			
896	1	5	3113	3158	《天魔无相·钻心刺骨》秘诀断篇	会心提高4%。		1800	0			
898	1	9	3113	3162	《天魔无相·钻心刺骨》真传残页	招式的有效范围增加1尺。		7500	0			
899	1	8	3113	3161	《天魔无相·钻心刺骨》人偶图残页	招式命中后额外造成一次伤害。		16500	0			
900	1	1	3114	3154	《天魔无相·惊鸿游龙》穴位图残页	调息时间减少15秒。		19800	0			
901	1	1	3114	3154	《天魔无相·惊鸿游龙》穴位图断篇	调息时间减少15秒。		21600	0			
902	1	1	3114	3154	《天魔无相·惊鸿游龙》穴位图绝章	调息时间减少15秒。		23400	0			
903	1	8	3114	3161	《天魔无相·惊鸿游龙》人偶图残页	招式附加移动速度提高，持续5秒。		23400	0			
904	1	8	3114	3161	《天魔无相·惊鸿游龙》人偶图断篇	施展招式额外获得20点神机值。		13200	0			
905	1	8	3114	3161	《天魔无相·惊鸿游龙》人偶图绝章	招式附加影息气劲，每秒恢复1%气血值，持续5秒。		23400	0			
906	1	10	3114	3163	《天魔无相·惊鸿游龙》手抄残页	招式效果持续时间增加1秒。		13800	0			
907	1	6	3115	3159	《天魔无相·荆天棘地》参悟残页	伤害提高5%。		2400	0			
908	1	6	3115	3159	《天魔无相·荆天棘地》参悟断篇	伤害提高10%。		3300	0			
909	1	1	3115	3154	《天魔无相·荆天棘地》穴位图残页	调息时间减少5秒。		6600	0			
910	1	1	3115	3154	《天魔无相·荆天棘地》穴位图断篇	调息时间减少5秒。		11400	0			
911	1	10	3115	3163	《天魔无相·荆天棘地》手抄残页	招式效果持续时间增加1秒。		6300	0			
912	1	9	3115	3162	《天魔无相·荆天棘地》真传残页	招式的有效距离增加1尺。		6300	0			
913	1	9	3115	3162	《天魔无相·荆天棘地》真传断篇	招式的有效距离增加1尺。		6900	0			
948	2	0	0	0	明教PVE6件套属性	净世破魔击的伤害提高10%			0			
948	3	0	0	0	明教PVP套装	怖畏暗刑的调息时间减少4秒			0			
948	4	0	0	0	丐帮PVE6件套属性	龙战于野的伤害提高10%			0			
984	1	6	3959	3856	《日月净世·幽月轮》参悟残页	伤害提高3%。		8400	0			
985	1	6	3959	3856	《日月净世·幽月轮》参悟断篇	伤害提高4%。		8400	0			5
986	1	7	3959	3857	《日月净世·幽月轮》详解残页	命中提高1%。		8700	0			
987	1	7	3959	3857	《日月净世·幽月轮》详解断篇	命中提高2%。		10500	0			
988	1	5	3959	3855	《日月净世·幽月轮》秘诀残页	会心提高3%。		8400	0			5
989	1	5	3959	3855	《日月净世·幽月轮》秘诀断篇	会心提高4%。		9600	0			5
990	1	5	3959	3855	《日月净世·幽月轮》秘诀绝章	会心提高5%。		9900	0			5
991	1	8	3959	3858	《日月净世·幽月轮》人偶图残页	会心后额外获得5点月魂。		23400	0			
992	1	5	3960	3855	《日月净世·银月斩》秘诀残页	会心提高3%。		3000	0			5
993	1	5	3960	3855	《日月净世·银月斩》秘诀断篇	会心提高4%。		3000	0			5
994	1	5	3960	3855	《日月净世·银月斩》秘诀绝章	会心提高5%。		3000	0			5
995	1	9	3960	3859	《日月净世·银月斩》真传残页	招式的有效距离增加2尺。		3900	0			5
996	1	9	3960	3859	《日月净世·银月斩》真传断篇	招式的有效距离增加2尺。		3300	0			4
997	1	8	3960	3858	《日月净世·银月斩》人偶图残页	使目标造成伤害降低5%，持续5秒。		9600	0			
998	1	8	3960	3858	《日月净世·银月斩》人偶图断篇	额外获得5点月魂。		23400	0			
999	1	6	3962	3856	《日月净世·赤日轮》参悟残页	伤害提高3%。		8400	0			
1000	1	6	3962	3856	《日月净世·赤日轮》参悟断篇	伤害提高4%。		9600	0			5
1001	1	6	3962	3856	《日月净世·赤日轮》参悟绝章	伤害提高5%。		10500	0			5
1002	1	7	3962	3857	《日月净世·赤日轮》详解残页	命中提高1%。		9000	0			
1003	1	7	3962	3857	《日月净世·赤日轮》详解断篇	命中提高2%。		10500	0			
1004	1	5	3962	3855	《日月净世·赤日轮》秘诀残页	会心提高3%。		9300	0			5
1005	1	5	3962	3855	《日月净世·赤日轮》秘诀断篇	会心提高4%。		9600	0			5
1006	1	8	3962	3858	《日月净世·赤日轮》人偶图残页	第三段伤害每命中一个目标额外获得4点日灵。		23400	0			
1007	1	6	3963	3856	《日月净世·烈日斩》参悟残页	伤害提高3%。		3000	0			
1008	1	6	3963	3856	《日月净世·烈日斩》参悟断篇	伤害提高4%。		3000	0			
1009	1	6	3963	3856	《日月净世·烈日斩》参悟绝章	伤害提高5%。		3000	0			5
1010	1	5	3963	3855	《日月净世·烈日斩》秘诀残页	会心提高3%。		3000	0			5
1011	1	5	3963	3855	《日月净世·烈日斩》秘诀断篇	会心提高4%。		3000	0			5
1012	1	8	3963	3858	《日月净世·烈日斩》人偶图残页	施展后使自身内、外功防御提高5%，持续5秒。		9600	0			
1013	1	8	3963	3858	《日月净世·烈日斩》人偶图断篇	对原地静止的目标伤害提高10%。		23400	0			5
1014	1	6	3967	3856	《日月净世·净世破魔击》参悟残页	伤害提高3%。		8400	0			
1015	1	6	3967	3856	《日月净世·净世破魔击》参悟断篇	伤害提高4%。		9000	0			5
1016	1	6	3967	3856	《日月净世·净世破魔击》参悟绝章	伤害提高5%。		10500	0			5
1017	1	5	3967	3855	《日月净世·净世破魔击》秘诀残页	会心提高3%。		8400	0			
1018	1	5	3967	3855	《日月净世·净世破魔击》秘诀断篇	会心提高4%。		9600	0			
1019	1	5	3967	3855	《日月净世·净世破魔击》秘诀绝章	会心提高5%。		9900	0			5
1020	1	8	3967	3858	《日月净世·净世破魔击》人偶图残页	施展招式会心后可卸除目标混元、阳性、阴性、毒性增益气劲各一个。		23400	0			
1021	1	8	3967	3858	《日月净世·净世破魔击》人偶图断篇	施展后移动速度提高40%，持续8秒。		23400	0			
1022	1	1	1	3851	《幻魔妙相·极乐引》穴位图残页	调息时间减少5秒。		9000	0			5
1023	1	1	1	3851	《幻魔妙相·极乐引》穴位图断篇	调息时间减少5秒。		8400	0			5
1024	1	1	1	3851	《幻魔妙相·极乐引》穴位图绝章	调息时间减少5秒。		14100	0			5
1025	1	12	1	3859	《幻魔妙相·极乐引》真传残页	招式的有效范围增加2尺。		9600	0			
1026	1	12	1	3859	《幻魔妙相·极乐引》真传断篇	招式的有效范围增加2尺。		7800	0			5
1027	1	8	1	3858	《幻魔妙相·极乐引》人偶图残页	使目标无法施展轻功，持续2秒。		23400	0			
1028	1	8	1	3858	《幻魔妙相·极乐引》人偶图断篇	命中目标后使自身日灵、月魂的获取速度提高20%，持续6秒。		8700	0			
1029	1	1	3969	3851	《幻魔妙相·光明相》穴位图残页	调息时间减少10秒。		6000	0			5
1030	1	1	3969	3851	《幻魔妙相·光明相》穴位图断篇	调息时间减少10秒。		8700	0			5
1031	1	1	3969	3851	《幻魔妙相·光明相》穴位图绝章	调息时间减少10秒。		10200	0			5
1032	1	7	3979	3857	《御暗烬灭令·驱夜断愁》详解残页	命中提高2%。		3900	0			
1033	1	8	3969	3858	《幻魔妙相·光明相》人偶图绝章	使自身日灵、月魂的获取速度提高20%，持续6秒。		14100	0	3		
1034	1	8	3969	3858	《幻魔妙相·光明相》人偶图残页	使自身每秒回复1%气血上限，持续5秒。		23400	0	1		
1035	1	8	3969	3858	《幻魔妙相·光明相》人偶图断篇	卸除自身混元、阳性、阴性、毒性不利效果各一个。		7800	0	2		5
1036	1	1	3973	3851	《幻魔妙相·贪魔体》穴位图残页	调息时间减少3秒。		7800	0			5
1037	1	1	3973	3851	《幻魔妙相·贪魔体》穴位图断篇	调息时间减少3秒。		11700	0			5
1038	1	1	3973	3851	《幻魔妙相·贪魔体》穴位图绝章	调息时间减少3秒。		23400	0			5
1039	1	10	3973	3860	《幻魔妙相·贪魔体》手抄残页	招式效果持续时间增加1秒。		23400	0			5
1040	1	8	3973	3858	《幻魔妙相·贪魔体》人偶图残页	招式附加移动速度提高，持续5秒，可叠加2层。		21900	0			
1041	1	8	3973	3858	《幻魔妙相·贪魔体》人偶图断篇	招式附加移动速度提高，持续5秒，可叠加2层。		22200	0			
1042	1	8	3973	3858	《幻魔妙相·贪魔体》人偶图绝章	解除自身锁足、减速不利效果。		23400	0			
1043	1	9	3975	3859	《御暗烬灭令·怖畏暗刑》真传残页	招式的有效距离增加1尺。		2700	0			
1044	1	9	3975	3859	《御暗烬灭令·怖畏暗刑》真传断篇	招式的有效距离增加1尺。		7200	0			
1045	1	9	3979	3859	《御暗烬灭令·驱夜断愁》真传残页	招式的有效距离增加1尺。		3600	0			
1046	1	1	3975	3851	《御暗烬灭令·怖畏暗刑》穴位图残页	调息时间减少1秒。		8400	0			
1047	1	1	3975	3851	《御暗烬灭令·怖畏暗刑》穴位图断篇	调息时间减少1秒。		8700	0			
1048	1	1	3975	3851	《御暗烬灭令·怖畏暗刑》穴位图绝章	调息时间减少1秒。		9000	0			
1049	1	8	3975	3858	《御暗烬灭令·怖畏暗刑》人偶图残页	伪装状态下施展，可使目标锁足，持续4秒；非伪装状态下施展，使目标移动速度降低50%，持续4秒。		23400	0			
1050	1	9	3979	3859	《御暗烬灭令·驱夜断愁》真传断篇	招式的有效距离增加1尺。		7200	0			
1051	1	6	3979	3856	《御暗烬灭令·驱夜断愁》参悟残页	伤害提高3%。		2700	0			
1052	1	6	3979	3856	《御暗烬灭令·驱夜断愁》参悟断篇	伤害提高4%。		4800	0			5
1053	1	6	3979	3856	《御暗烬灭令·驱夜断愁》参悟绝章	伤害提高5%。		5400	0			5
1054	1	5	3979	3855	《御暗烬灭令·驱夜断愁》秘诀残页	会心提高3%。		3300	0			
1055	1	5	3979	3855	《御暗烬灭令·驱夜断愁》秘诀断篇	会心提高4%。		4800	0			5
1056	1	5	3979	3855	《御暗烬灭令·驱夜断愁》秘诀绝章	会心提高5%。		5100	0			5
1057	1	1	1	3851	《大圣明尊法·归寂道》穴位图残页	调息时间减少2秒。		9000	0			
1058	1	1	1	3851	《大圣明尊法·归寂道》穴位图断篇	调息时间减少2秒。		7800	0			
1059	1	1	1	3851	《大圣明尊法·归寂道》穴位图绝章	调息时间减少2秒。		14700	0			
1060	1	9	1	3859	《大圣明尊法·归寂道》真传残页	招式的有效距离增加4尺。		7500	0			
1061	1	4	1	3854	《大圣明尊法·归寂道》注释残页	威胁提高10%。		3000	0			
1062	1	4	1	3854	《大圣明尊法·归寂道》注释断篇	威胁提高15%。		3300	0			
1063	1	4	1	3854	《大圣明尊法·归寂道》注释绝章	威胁提高20%。		2400	0			
1064	1	8	1	3858	《大圣明尊法·归寂道》人偶图残页	额外使目标造成的伤害降低5%，持续5秒。		23400	0			
1065	1	1	3984	3851	《大圣明尊法·渡厄力》穴位图残页	调息时间减少5秒。		9000	0			
1066	1	1	3984	3851	《大圣明尊法·渡厄力》穴位图断篇	调息时间减少5秒。		9600	0			
1067	1	1	3984	3851	《大圣明尊法·渡厄力》穴位图绝章	调息时间减少5秒。		12600	0			5
1068	1	11	1	3861	《大圣明尊法·渡厄力》气血图残页	招式的有效目标人数增加2个。		6600	0			5
1069	1	11	1	3861	《大圣明尊法·渡厄力》气血图断篇	招式的有效目标人数增加2个。		7500	0			5
1070	1	12	3984	3859	《大圣明尊法·渡厄力》真传残页	招式的有效范围增加4尺。		6000	0			
1071	1	8	3984	3858	《大圣明尊法·渡厄力》人偶图残页	护盾消失后，使目标被疗伤成效提高20%，持续3秒。		17400	0			5
1340	1	6	5258	4738	《打狗棒法·拨狗朝天》参悟残页	伤害提高3%。		2100	0			5
1341	1	6	5258	4738	《打狗棒法·拨狗朝天》参悟断篇	伤害提高4%。		2400	0			5
1342	1	7	5258	4739	《打狗棒法·拨狗朝天》详解残页	命中提高1%。		2100	0			
1343	1	7	5258	4739	《打狗棒法·拨狗朝天》详解断篇	命中提高2%。		2100	0			
1344	1	5	5258	4734	《打狗棒法·拨狗朝天》秘诀残页	会心提高2%。		2100	0			
1345	1	5	5258	4734	《打狗棒法·拨狗朝天》秘诀断篇	会心提高4%。		2700	0			4
1346	1	5	5258	4734	《打狗棒法·拨狗朝天》秘诀绝章	会心提高5%。		3900	0			5
1347	1	8	5258	4740	《打狗棒法·拨狗朝天》人偶图残页	施展招式后额外获得3%内力值。		3300	0			5
1348	1	6	5361	4738	《打狗棒法·恶狗拦路》参悟残页	伤害提高3%。		6900	0			
1349	1	6	5361	4738	《打狗棒法·恶狗拦路》参悟断篇	伤害提高4%。		7800	0			
1350	1	6	5361	4738	《打狗棒法·恶狗拦路》参悟绝章	伤害提高5%。		9300	0			
1351	1	12	5361	4741	《打狗棒法·恶狗拦路》真传残页	招式的有效范围增加1尺。		7500	0			
1352	1	12	5361	4741	《打狗棒法·恶狗拦路》真传断篇	招式的有效范围增加1尺。		15900	0			
1353	1	8	5361	4740	《打狗棒法·恶狗拦路》人偶图残页	使目标移动速度降低40%，持续5秒。		23400	0			
1354	1	8	5361	4740	《打狗棒法·恶狗拦路》人偶图断篇	额外获得10%内力值。		15600	0			
1355	1	6	5354	4738	《打狗棒法·横打双獒》参悟残页	伤害提高3%。		2100	0			
1356	1	6	5354	4738	《打狗棒法·横打双獒》参悟断篇	伤害提高4%。		2100	0			5
1357	1	6	5354	4738	《打狗棒法·横打双獒》参悟绝章	伤害提高5%。		2700	0			5
1358	1	7	5354	4739	《打狗棒法·横打双獒》详解残页	命中提高1%。		2100	0			
1359	1	7	5354	4739	《打狗棒法·横打双獒》详解断篇	命中提高2%。		3000	0			
1360	1	5	5354	4734	《打狗棒法·横打双獒》秘诀残页	会心提高3%。		2100	0			4
1361	1	5	5354	4734	《打狗棒法·横打双獒》秘诀断篇	会心提高4%。		3300	0			5
1362	1	8	5354	4740	《打狗棒法·横打双獒》人偶图残页	施展招式后额外获得3%内力值。		7200	0			5
1363	1	6	5257	4738	《打狗棒法·蜀犬吠日》参悟残页	伤害提高3%。		9300	0			
1364	1	6	5257	4738	《打狗棒法·蜀犬吠日》参悟断篇	伤害提高4%。		11400	0			5
1365	1	6	5257	4738	《打狗棒法·蜀犬吠日》参悟绝章	伤害提高5%。		13200	0			5
1366	1	5	5257	4734	《打狗棒法·蜀犬吠日》秘诀残页	会心提高3%。		7200	0			
1367	1	5	5257	4734	《打狗棒法·蜀犬吠日》秘诀断篇	会心提高4%。		8700	0			5
1368	1	5	5257	4734	《打狗棒法·蜀犬吠日》秘诀绝章	会心提高5%。		10500	0			5
1369	1	8	5257	4740	《打狗棒法·蜀犬吠日》人偶图残页	招式可卸除目标混元、阳性、阴性、毒性增益气劲各一个。		23400	0			
1370	1	8	5257	4740	《打狗棒法·蜀犬吠日》人偶图断篇	施展后5秒内自身受到的伤害降低10%。		16800	0			
1372	1	6	5638	4738	《降龙掌·亢龙有悔》参悟残页	伤害提高3%。	5638	10200	0			
1373	1	6	5638	4738	《降龙掌·亢龙有悔》参悟断篇	伤害提高4%。	5638	11400	0			5
1374	1	6	5638	4738	《降龙掌·亢龙有悔》参悟绝章	伤害提高5%。	5638	14400	0			5
1375	1	5	5638	4734	《降龙掌·亢龙有悔》秘诀残页	会心提高7%。	5638	9000	0			
1377	1	8	5638	4740	《降龙掌·亢龙有悔》人偶图残页	施展后使自身所有防御提高5%，持续5秒。	5638	22200	0			
1378	1	8	1	4740	《降龙掌·亢龙有悔》人偶图断篇	施展后使自身的外功基础攻击力提高20%，持续8秒。	5638	23400	0			5
1379	1	1	1	4733	《逍遥游·笑醉狂》穴位图残页	调息时间减少10秒。		21900	0			
1380	1	1	1	4733	《逍遥游·笑醉狂》穴位图断篇	调息时间减少10秒。		23400	0			
1381	1	1	1	4733	《逍遥游·笑醉狂》穴位图绝章	调息时间减少10秒。		23400	0			
1382	1	8	5270	4740	《逍遥游·笑醉狂》人偶图残页	受到伤害有50%几率使受到的伤害额外降低5%，可以叠加5层。		23400	0			
1383	1	8	5270	4740	《逍遥游·笑醉狂》人偶图断篇	每秒回复自身5%气血、内力最大值。		23400	0			
1384	1	6	5649	4738	《降龙掌·神龙降世》参悟残页	伤害提高3%。		15000	0			
1385	1	6	5649	4738	《降龙掌·神龙降世》参悟断篇	伤害提高4%。		15000	0			
1386	1	6	5649	4738	《降龙掌·神龙降世》参悟绝章	伤害提高5%。		18900	0			
1387	1	5	5649	4734	《降龙掌·神龙降世》秘诀残页	会心提高3%。		15000	0			
1388	1	5	5649	4734	《降龙掌·神龙降世》秘诀断篇	会心提高4%。		15000	0			
1389	1	5	5649	4734	《降龙掌·神龙降世》秘诀绝章	会心提高5%。		18900	0			
1390	1	7	5649	4739	《降龙掌·神龙降世》详解残页	命中提高1%。		23400	0			
1391	1	7	5649	4739	《降龙掌·神龙降世》详解断篇	命中提高2%。		23400	0			
1392	1	6	5260	4738	《打狗棒法·天下无狗》参悟残页	伤害提高3%。		2700	0			
1393	1	6	5260	4738	《打狗棒法·天下无狗》参悟断篇	伤害提高4%。		3300	0			
1394	1	6	5260	4738	《打狗棒法·天下无狗》参悟绝章	伤害提高5%。		3600	0			
1395	1	11	5260	4743	《打狗棒法·天下无狗》气血图残页	招式的有效目标人数增加1个。		4500	0			
1396	1	11	5260	4743	《打狗棒法·天下无狗》气血图断篇	招式的有效目标人数增加1个。		7800	0			
1397	1	12	5260	4741	《打狗棒法·天下无狗》真传残页	招式的有效范围增加1尺。		12000	0			
1398	1	12	5260	4741	《打狗棒法·天下无狗》真传断篇	招式的有效范围增加1尺。		13500	0			
1399	1	6	5365	4738	《降龙掌·狂龙乱舞》参悟残页	伤害提高3%。		7200	0			
1400	1	6	5365	4738	《降龙掌·狂龙乱舞》参悟断篇	伤害提高4%。		9000	0			
1401	1	6	5365	4738	《降龙掌·狂龙乱舞》参悟绝章	伤害提高5%。		10200	0			
1402	1	2	5365	4734	《降龙掌·狂龙乱舞》注解残页	施展招式的消耗降低5%。		8100	0			
1403	1	2	5365	4734	《降龙掌·狂龙乱舞》注解断篇	施展招式的消耗降低5%。		8700	0			
1404	1	11	5365	4743	《降龙掌·狂龙乱舞》气血图残页	招式的有效目标人数增加1个。		9300	0			
1405	1	11	5365	4743	《降龙掌·狂龙乱舞》气血图断篇	招式的有效目标人数增加1个。		16200	0			
1406	1	6	5267	4738	《降龙掌·龙啸九天》参悟残页	伤害提高3%。		9000	0			
1407	1	6	5267	4738	《降龙掌·龙啸九天》参悟断篇	伤害提高4%。		14400	0			
1408	1	6	5267	4738	《降龙掌·龙啸九天》参悟绝章	伤害提高5%。		16500	0			
1409	1	1	5267	4733	《降龙掌·龙啸九天》穴位图残页	调息时间减少3秒。		15600	0			
1410	1	1	5267	4733	《降龙掌·龙啸九天》穴位图断篇	调息时间减少3秒。		15900	0			
1411	1	1	5267	4733	《降龙掌·龙啸九天》穴位图绝章	调息时间减少3秒。		17400	0			
1412	1	8	5267	4740	《降龙掌·龙啸九天》人偶图残页	自身恢复5%气血值。		23400	0			
1413	1	6	5262	4738	《降龙掌·龙跃于渊》参悟残页	伤害提高3%。		3000	0			
1414	1	6	5262	4738	《降龙掌·龙跃于渊》参悟断篇	伤害提高4%。		4500	0			
1415	1	6	5262	4738	《降龙掌·龙跃于渊》参悟绝章	伤害提高5%。		3600	0			5
1416	1	12	5262	4741	《降龙掌·龙跃于渊》真传残页	招式的有效距离增加1尺。		21000	0			
1417	1	12	5262	4741	《降龙掌·龙跃于渊》真传断篇	招式的有效距离增加2尺。		23400	0			
1418	1	1	1	4733	《降龙掌·龙跃于渊》穴位图残页	调息时间减少1秒。		3000	0			5
1419	1	1	1	4733	《降龙掌·龙跃于渊》穴位图断篇	调息时间降低1秒。		16800	0			5
1420	1	6	5370	4738	《降龙掌·龙腾五岳》参悟残页	伤害提高3%。		3300	0			
1421	1	6	5370	4738	《降龙掌·龙腾五岳》参悟断篇	伤害提高4%。		4200	0			
1422	1	5	5370	4734	《降龙掌·龙腾五岳》秘诀残页	会心提高3%。		6000	0			
1423	1	5	5370	4734	《降龙掌·龙腾五岳》秘诀断篇	会心提高4%。		9000	0			
1424	1	5	5370	4734	《降龙掌·龙腾五岳》秘诀绝章	会心提高5%。		12000	0			
1425	1	7	5370	4739	《降龙掌·龙腾五岳》详解残页	命中提高1%。		4500	0			
1426	1	7	5370	4739	《降龙掌·龙腾五岳》详解断篇	命中提高2%。		7500	0			
1549	1	6	2611	1862	《羽林枪法·霹雳》参悟残页	伤害提高3%。		31200	0			
1550	1	6	2611	1862	《羽林枪法·霹雳》参悟断篇	伤害提高4%。		34800	0			
1551	1	6	2611	1862	《羽林枪法·霹雳》参悟绝章	伤害提高5%。		37200	0			
1552	1	11	2611	1867	《羽林枪法·霹雳》气血图残页	招式的有效目标人数增加1个。		44400	0			
1553	1	7	2611	1863	《羽林枪法·霹雳》详解残页	命中提高2%。		26400	0			
1554	1	2	2611	1858	《羽林枪法·霹雳》注解残页	施展招式的消耗降低5%。		24600	0			
1555	1	2	2611	1858	《羽林枪法·霹雳》注解断篇	施展招式的消耗降低10%。		27000	0			
1556	1	10	2611	1866	《羽林枪法·霹雳》手抄残页	招式效果持续时间增加3秒。		28200	0			
1557	1	6	403	1862	《羽林枪法·龙吟》参悟残页	伤害提高3%。		25800	0			5
1558	1	6	403	1862	《羽林枪法·龙吟》参悟断篇	伤害提高4%。		28800	0			5
1559	1	6	403	1862	《羽林枪法·龙吟》参悟绝章	伤害提高5%。		30600	0			5
1560	1	7	403	1863	《羽林枪法·龙吟》详解残页	命中提高1%。		21000	0			
1561	1	7	403	1863	《羽林枪法·龙吟》详解断篇	命中提高2%。		22800	0			
1562	1	2	1	1858	《羽林枪法·龙吟》注解残页	施展招式的消耗降低5%。		19200	0			
1563	1	2	1	1858	《羽林枪法·龙吟》注解断篇	施展招式的消耗降低10%。		21000	0			
1564	1	1	403	1857	《羽林枪法·龙吟》穴位图残页	调息时间减少1秒。		22800	0			5
1565	1	6	18322	2561	《灵峰剑式·鹤归孤山》参悟残页	伤害提高3%。		28800	0			
1566	1	6	18322	2561	《灵峰剑式·鹤归孤山》参悟断篇	伤害提高4%。		31800	0			
1567	1	6	18322	2561	《灵峰剑式·鹤归孤山》参悟绝章	伤害提高5%。		34200	0			5
1568	1	5	18322	2560	《灵峰剑式·鹤归孤山》秘诀残页	会心提高2%。		28800	0			
1569	1	8	18322	2563	《灵峰剑式·鹤归孤山》人偶图残页	施展后5秒内每点身法化解30点伤害，当周围30尺敌对玩家人数大于等于6人时，每点身法化解120点伤害。		44400	0			
1570	1	8	1	2563	《灵峰剑式·鹤归孤山》人偶图断篇	施展后自身受到的伤害降低5%，持续5秒。		44400	0			
1571	1	1	18322	2556	《灵峰剑式·鹤归孤山》穴位图残页	调息时间减少2秒。		44400	0			5
1572	1	1	18322	2556	《灵峰剑式·鹤归孤山》穴位图断篇	调息时间减少2秒。		44400	0			5
1573	1	6	1589	2561	《秀水剑法·梦泉虎跑》参悟残页	伤害提高3%。		31200	0			5
1574	1	6	1589	2561	《秀水剑法·梦泉虎跑》参悟断篇	伤害提高4%。		34800	0			5
1575	1	6	1589	2561	《秀水剑法·梦泉虎跑》参悟绝章	伤害提高5%。		37200	0			5
1576	1	5	1589	2560	《秀水剑法·梦泉虎跑》秘诀残页	会心提高2%。		31200	0			
1577	1	8	1589	2563	《秀水剑法·梦泉虎跑》人偶图残页	每次攻击命中后额外回复2点剑气。		44400	0			5
1578	1	8	1589	2563	《秀水剑法·梦泉虎跑》人偶图断篇	期间受到的伤害额外减少5%。		44400	0			
1579	1	9	1589	2564	《秀水剑法·梦泉虎跑》真传残页	招式的有效距离增加1尺。		44400	0			
1580	1	9	1589	2564	《秀水剑法·梦泉虎跑》真传断篇	招式的有效距离增加1尺。		44400	0			
1581	1	6	18640	1829	《北冥剑气·万世不竭》参悟残页	伤害提高3%。		31200	0			5
1582	1	6	18640	1829	《北冥剑气·万世不竭》参悟断篇	伤害提高4%。		34800	0			5
1583	1	6	18640	1829	《北冥剑气·万世不竭》参悟绝章	伤害提高5%。		37200	0			5
1584	1	8	6901	1831	《北冥剑气·万世不竭》人偶图残页	需要的气减少一格。		44400	0			
1585	1	8	6901	1831	《北冥剑气·万世不竭》人偶图断篇	需要的气减少一格。		44400	0			
1586	1	7	18640	1830	《北冥剑气·万世不竭》详解残页	命中提高2%。		26400	0			
1587	1	2	1	1825	《北冥剑气·万世不竭》注解残页	施展招式的消耗降低5%。		24600	0			
1588	1	2	1	1825	《北冥剑气·万世不竭》注解断篇	施展招式的消耗降低10%。		27000	0			5
1589	1	6	2699	1829	《天道剑势·八荒归元》参悟残页	伤害提高3%。		31200	0			5
1590	1	6	2699	1829	《天道剑势·八荒归元》参悟断篇	伤害提高4%。		34800	0			5
1591	1	6	2699	1829	《天道剑势·八荒归元》参悟绝章	伤害提高5%。		37200	0			5
1592	1	8	2699	1831	《天道剑势·八荒归元》人偶图残页	命中目标则续半格气。		44400	0			
1593	1	7	2699	1830	《天道剑势·八荒归元》详解残页	命中提高2%。		26400	0			
1594	1	1	2699	1824	《天道剑势·八荒归元》穴位图残页	调息时间减少1秒。		44400	0			5
1595	1	2	1	1825	《天道剑势·八荒归元》注解残页	施展招式的消耗降低5%。		24600	0			
1596	1	2	1	1825	《天道剑势·八荒归元》注解断篇	施展招式的消耗降低10%。		27000	0			
1597	1	6	5266	4738	《降龙掌·龙战于野》参悟残页	伤害提高3%。		25800	0			
1598	1	6	5266	4738	《降龙掌·龙战于野》参悟断篇	伤害提高4%。		28800	0			5
1599	1	6	5266	4738	《降龙掌·龙战于野》参悟绝章	伤害提高5%。		30600	0			5
1600	1	5	5266	4737	《降龙掌·龙战于野》秘诀残页	会心提高2%。		25800	0			
1601	1	5	5266	4737	《降龙掌·龙战于野》秘诀断篇	会心提高3%。		28800	0			5
1602	1	1	5266	4733	《降龙掌·龙战于野》穴位图残页	调息时间降低1秒。		44400	0			5
1603	1	7	5266	4739	《降龙掌·龙战于野》详解残页	命中提高1%。		21000	0			
1604	1	7	5266	4739	《降龙掌·龙战于野》详解断篇	命中提高2%。		22800	0			
1605	1	3	1	4735	《逍遥行·酒中仙》经脉图残页	运功时间减少0.3125秒。		44400	0			4
1606	1	3	1	4735	《逍遥行·酒中仙》经脉图断篇	运功时间减少0.625秒。		44400	0			5
1607	1	8	1	4740	《逍遥行·酒中仙》人偶图残页	“酣畅淋漓”同时使自身移动速度提高10%。		44400	0			
1608	1	10	1	4742	《逍遥行·酒中仙》手抄残页	每次喝酒获得的“酣畅淋漓”效果增加0.5秒。		44400	0			
1609	1	10	1	4742	《逍遥行·酒中仙》手抄断篇	每次喝酒获得的“酣畅淋漓”效果增加0.5秒。		44400	0			
1610	1	1	1	4733	《逍遥行·酒中仙》穴位图残页	调息时间减少5秒。		44400	0			5
1611	1	1	1	4733	《逍遥行·酒中仙》穴位图断篇	调息时间减少5秒。		44400	0			5
1612	1	1	1	4733	《逍遥行·酒中仙》穴位图绝章	调息时间减少5秒。		44400	0			5
1613	1	7	3980	3857	《大圣明尊法·戒火斩》详解残页	命中提高1%。		21000	0			
1614	1	7	3980	3857	《大圣明尊法·戒火斩》详解断篇	命中提高2%。		22800	0			
1615	1	1	3980	3851	《大圣明尊法·戒火斩》穴位图残页	调息时间减少1秒。		44400	0			5
1616	1	9	3980	3859	《大圣明尊法·戒火斩》真传残页	招式的有效距离增加2尺。		41400	0			5
1617	1	9	3980	3859	《大圣明尊法·戒火斩》真传断篇	招式的有效距离增加3尺。		44400	0			5
1618	1	4	3980	3854	《大圣明尊法·戒火斩》注释残页	威胁提高10%。		21000	0			
1619	1	4	3980	3854	《大圣明尊法·戒火斩》注释断篇	威胁提高15%。		22800	0			
1620	1	4	3980	3854	《大圣明尊法·戒火斩》注释绝章	威胁提高20%。		24600	0			5
1621	1	6	3966	3856	《日月净世·生死劫》参悟残页	伤害提高3%。		28800	0			5
1622	1	6	3966	3856	《日月净世·生死劫》参悟断篇	伤害提高4%。		31800	0			5
1623	1	6	3966	3856	《日月净世·生死劫》参悟绝章	伤害提高5%。		34200	0			5
1624	1	9	3966	3859	《日月净世·生死劫》真传残页	招式的有效距离增加1尺。		44400	0			
1625	1	9	3966	3859	《日月净世·生死劫》真传断篇	招式的有效距离增加1尺。		44400	0			5
1626	1	8	3966	3858	《日月净世·生死劫》人偶图残页	眩晕和目标被疗伤成效减少的效果持续时间增加1秒。		44400	0			
1627	1	7	3966	3857	《日月净世·生死劫》详解残页	命中提高1%。		23400	0			
1628	1	7	3966	3857	《日月净世·生死劫》详解断篇	命中提高2%。		25800	0			
1629	1	8	1	1842	《霓裳羽衣·回雪飘摇》人偶图残页	招式命中后有一定几率为除自己外的小队成员回复600点内力。		44400	0			
1630	1	6	565	1840	《霓裳羽衣·回雪飘摇》参悟残页	疗伤成效提高3%。		31200	0			5
1631	1	8	565	1842	《霓裳羽衣·回雪飘摇》人偶图断篇	招式造成的威胁值降低2000点。		44400	0			
1632	1	6	565	1840	《霓裳羽衣·回雪飘摇》参悟断篇	疗伤成效提高4%。		34800	0			5
1633	1	6	565	1840	《霓裳羽衣·回雪飘摇》参悟绝章	疗伤成效提高5%。		37200	0			5
1634	1	9	565	1843	《霓裳羽衣·回雪飘摇》真传残页	招式的有效距离增加2尺。		44400	0			5
1635	1	2	1	1836	《霓裳羽衣·回雪飘摇》注解残页	施展招式的消耗降低10%。		24600	0			
1636	1	2	1	1836	《霓裳羽衣·回雪飘摇》注解断篇	施展招式的消耗降低15%。		27000	0			
1637	1	6	2707	1840	《西河剑器·玳弦急曲》参悟残页	伤害提高3%。		37800	0			5
1638	1	6	2707	1840	《西河剑器·玳弦急曲》参悟断篇	伤害提高4%。		41400	0			5
1639	1	6	2707	1840	《西河剑器·玳弦急曲》参悟绝章	伤害提高5%。		43800	0			5
1640	1	8	1	1842	《西河剑器·玳弦急曲》人偶图残页	招式命中后有一定几率为除自己外的小队成员回复600点内力。		44400	0			4
1641	1	8	2707	1842	《西河剑器·玳弦急曲》人偶图断篇	招式造成的威胁值降低2000点。		44400	0			4
1642	1	9	2707	1843	《西河剑器·玳弦急曲》真传残页	招式有效距离增加5尺。		31200	0			5
1643	1	2	1	1836	《西河剑器·玳弦急曲》注解残页	施展招式的消耗降低10%。		29400	0			
1644	1	2	1	1836	《西河剑器·玳弦急曲》注解断篇	施展招式的消耗降低15%。		31800	0			
1645	1	6	243	1851	《龙爪功·拿云式》参悟残页	伤害提高3%。		31200	0			5
1646	1	6	243	1851	《龙爪功·拿云式》参悟断篇	伤害提高4%。		34800	0			5
1647	1	6	243	1851	《龙爪功·拿云式》参悟绝章	伤害提高5%。		37200	0			5
1648	1	8	243	1853	《龙爪功·拿云式》人偶图残页	命中后获得1点禅那。		44400	0			5
1649	1	7	243	1852	《龙爪功·拿云式》详解残页	命中提高2%。		26400	0			
1650	1	2	1	1847	《龙爪功·拿云式》注解残页	施展招式的消耗降低5%。		24600	0			
1651	1	2	1	1847	《龙爪功·拿云式》注解断篇	施展招式的消耗降低10%。		27000	0			
1652	1	2	1	1847	《龙爪功·拿云式》注解绝章	施展招式的消耗降低15%。		28200	0			
1653	1	8	2589	1853	《罗汉棍法·归去来棍》人偶图残页	招式命中目标后，自身受到的伤害降低10%，持续5秒。		44400	0			
1654	1	7	2589	1852	《罗汉棍法·归去来棍》详解残页	命中提高1%。		21000	0			
1655	1	7	2589	1852	《罗汉棍法·归去来棍》详解断篇	命中提高2%。		22800	0			
1656	1	1	2589	1846	《罗汉棍法·归去来棍》穴位图残页	调息时间减少5秒。		44400	0			
1657	1	1	2589	1846	《罗汉棍法·归去来棍》穴位图断篇	调息时间减少5秒。		44400	0			
1658	1	4	2589	1849	《罗汉棍法·归去来棍》注释残页	威胁提高10%。		21000	0			
1659	1	4	2589	1849	《罗汉棍法·归去来棍》注释断篇	威胁提高15%。		22800	0			
1660	1	4	2589	1849	《罗汉棍法·归去来棍》注释绝章	威胁提高20%。		24600	0			
1661	1	6	3101	3159	《百步穿杨·逐星箭》参悟残页	伤害提高3%。		25800	0			5
1662	1	6	3101	3159	《百步穿杨·逐星箭》参悟断篇	伤害提高4%。		28800	0			5
1663	1	6	3101	3159	《百步穿杨·逐星箭》参悟绝章	伤害提高5%。		30600	0			5
1664	1	8	3101	3161	《百步穿杨·逐星箭》人偶图残页	招式命中后获得10点神机值。		44400	0			5
1665	1	8	3101	3161	《百步穿杨·逐星箭》人偶图断篇	若目标在十尺内，则自身后退12尺。		44400	0			
1666	1	10	1	3163	《百步穿杨·逐星箭》手抄残页	招式效果持续时间增加2秒。		44400	0			
1667	1	7	3101	3160	《百步穿杨·逐星箭》详解残页	命中提高1%。		21000	0			
1668	1	7	3101	3160	《百步穿杨·逐星箭》详解断篇	命中提高2%。		22800	0			
1669	1	6	3111	3159	《九宫飞星·暗藏杀机》参悟残页	伤害提高3%。		28800	0			5
1670	1	6	3111	3159	《九宫飞星·暗藏杀机》参悟断篇	伤害提高4%。		31800	0			5
1671	1	6	3111	3159	《九宫飞星·暗藏杀机》参悟绝章	伤害提高5%。		34200	0			5
1672	1	5	3111	3158	《九宫飞星·暗藏杀机》秘诀残页	会心提高2%。		28800	0			
1673	1	7	3111	3160	《九宫飞星·暗藏杀机》详解残页	命中提高1%。		23400	0			
1674	1	7	3111	3160	《九宫飞星·暗藏杀机》详解断篇	命中提高2%。		25800	0			
1675	1	12	3111	3162	《九宫飞星·暗藏杀机》真传残页	招式的有效范围增加1尺。		44400	0			
1676	1	12	3111	3162	《九宫飞星·暗藏杀机》真传断篇	招式的有效范围增加1尺。		44400	0			
1677	1	6	2636	1873	《百花拂穴手·快雪时晴》参悟残页	伤害提高3%。		34800	0			5
1678	1	6	2636	1873	《百花拂穴手·快雪时晴》参悟断篇	伤害提高4%。		38400	0			5
1679	1	6	2636	1873	《百花拂穴手·快雪时晴》参悟绝章	伤害提高5%。		40200	0			5
1680	1	8	1	1875	《百花拂穴手·快雪时晴》人偶图残页	招式附加噬骨不利气劲，每层受混元性内功伤害提高2%，持续15秒，最多叠加5层。		44400	0			
1681	1	7	2636	1874	《百花拂穴手·快雪时晴》详解残页	命中提高1%。		28800	0			
1682	1	7	2636	1874	《百花拂穴手·快雪时晴》详解断篇	命中提高2%。		31200	0			
1683	1	2	1	1869	《百花拂穴手·快雪时晴》注解残页	施展招式的消耗降低10%。		27600	0			4
1684	1	2	1	1869	《百花拂穴手·快雪时晴》注解断篇	施展招式的消耗降低15%。		28800	0			5
1685	1	8	140	1875	《太素九针·彼针》人偶图残页	疗伤成效提高3%。		28800	0			
1686	1	8	140	1875	《太素九针·彼针》人偶图断篇	疗伤成效提高4%。		32400	0			5
1687	1	8	140	1875	《太素九针·彼针》人偶图绝章	疗伤成效提高5%。		34800	0			5
1688	1	1	140	1868	《太素九针·彼针》穴位图残页	调息时间减少1秒。		44400	0			5
1689	1	1	140	1868	《太素九针·彼针》穴位图断篇	调息时间减少1秒。		44400	0			5
1690	1	12	140	1876	《太素九针·彼针》真传残页	招式的有效范围增加1尺。		41400	0			
1691	1	12	140	1876	《太素九针·彼针》真传断篇	招式的有效范围增加1尺。		44400	0			
1692	1	2	1	1869	《太素九针·彼针》注解残页	施展招式的消耗降低10%。		19200	0			
1693	1	8	2957	2723	《补天心经·圣手织天》人偶图残页	疗伤成效提高3%。		28800	0			
1694	1	8	2957	2723	《补天心经·圣手织天》人偶图断篇	疗伤成效提高4%。		32400	0			
1695	1	8	2957	2723	《补天心经·圣手织天》人偶图绝章	疗伤成效提高5%。		34800	0			5
1696	1	10	2957	2725	《补天心经·圣手织天》手抄残页	招式效果持续时间增加1秒。		44400	0			
1697	1	1	2957	2716	《补天心经·圣手织天》穴位图残页	调息时间减少1秒。		44400	0			5
1698	1	1	2957	2716	《补天心经·圣手织天》穴位图断篇	调息时间减少1秒。		44400	0			5
1699	1	9	2957	2724	《补天心经·圣手织天》真传残页	招式的有效距离增加4尺。		41400	0			
1700	1	9	1	2724	《补天心经·圣手织天》真传断篇	招式的有效距离增加2尺。		44400	0			5
1701	1	6	2213	2721	《千劫万毒手·千丝》参悟残页	伤害提高3%。		25800	0			
1702	1	6	2213	2721	《千劫万毒手·千丝》参悟断篇	伤害提高4%。		28800	0			4
1703	1	6	2213	2721	《千劫万毒手·千丝》参悟绝章	伤害提高5%。		30600	0			5
1704	1	1	2213	2716	《千劫万毒手·千丝》穴位图残页	调息时间减少1秒。		44400	0			5
1705	1	1	2213	2716	《千劫万毒手·千丝》穴位图断篇	调息时间减少1秒。		44400	0			5
1706	1	2	1	2717	《千劫万毒手·千丝》注解残页	施展招式的消耗降低5%。		19200	0			
1707	1	2	1	2717	《千劫万毒手·千丝》注解断篇	施展招式的消耗降低10%。		21000	0			
1708	1	2	1	2717	《千劫万毒手·千丝》注解绝章	施展招式的消耗降低15%。		22800	0			
1715	1	2	1	1858	《游龙骑法·战八方》注解残页	施展招式的消耗降低5%。	6520	900	0			
1716	1	2	1	1858	《游龙骑法·战八方》注解断篇	施展招式的消耗降低10%。	6520	1200	0			
1717	1	2	1	1858	《游龙骑法·战八方》注解绝章	施展招式的消耗降低15%。	6520	3000	0			
1718	1	9	6520	1865	《游龙骑法·战八方》真传残页	招式的有效范围增加2尺。	6520	1800	0			
1719	1	11	6520	1867	《游龙骑法·战八方》气血图残页	招式的有效目标人数增加1个。	6520	2700	0			
1720	1	6	6520	1862	《游龙骑法·战八方》参悟残页	伤害提高5%。	6520	1200	0			
1721	1	6	6520	1862	《游龙骑法·战八方》参悟断篇	伤害提高5%。	6520	1500	0			
1722	1	6	1	3159	《乾坤一掷·暴雨梨花针》参悟残页	伤害提高3%。		7200	0			
1723	1	6	1	3159	《乾坤一掷·暴雨梨花针》参悟断篇	伤害提高4%。		6900	0			
1724	1	6	1	3159	《乾坤一掷·暴雨梨花针》参悟绝章	伤害提高5%。		8100	0			
1725	1	5	1	3158	《乾坤一掷·暴雨梨花针》秘诀残页	会心提高3%。		7800	0			
1726	1	5	1	3158	《乾坤一掷·暴雨梨花针》秘诀断篇	会心提高4%。		6900	0			
1728	1	7	1	3160	《乾坤一掷·暴雨梨花针》详解残页	命中提高1%。		7200	0			
1729	1	7	1	3160	《乾坤一掷·暴雨梨花针》详解断篇	命中提高2%。		7500	0			
1730	1	8	1	3161	《乾坤一掷·暴雨梨花针》人偶图残页	招式附加气魄效果，每层元气和力道提高2%，持续20秒，最多叠加5层。		23400	0			
1731	1	3	1	2718	《补天心经·冰蚕牵丝》经脉图残页	运功时间减少0.125秒。	6662	13500	0			
1732	1	3	1	2718	《补天心经·冰蚕牵丝》经脉图断篇	运功时间减少0.125秒。	6662	11700	0			
1733	1	2	1	2717	《补天心经·冰蚕牵丝》注解残页	施展招式的消耗降低5%。	6662	10200	0			
1734	1	2	1	2717	《补天心经·冰蚕牵丝》注解断篇	施展招式的消耗降低10%。	6662	7200	0			
1735	1	9	1	2724	《补天心经·冰蚕牵丝》真传残页	招式的有效距离增加2尺。	6662	16500	0			
1736	1	8	1	2723	《补天心经·冰蚕牵丝》人偶图残页	疗伤成效提高4%。	6662	11400	0			
1737	1	8	1	2723	《补天心经·冰蚕牵丝》人偶图断篇	疗伤成效提高5%。	6662	23400	0			
1743	1	6	1	4738	《降龙掌·亢龙有悔》参悟残页	伤害提高3%。	8490	10200	0			
1744	1	6	1	4738	《降龙掌·亢龙有悔》参悟断篇	伤害提高4%。	8490	11400	0			
1745	1	6	1	4738	《降龙掌·亢龙有悔》参悟绝章	伤害提高5%。	8490	14400	0			
1746	1	5	1	4734	《降龙掌·亢龙有悔》秘诀残页	会心提高3%。	8490	9000	0			
1747	1	5	1	4734	《降龙掌·亢龙有悔》秘诀断篇	会心提高4%。	8490	11700	0			
1748	1	8	1	4740	《降龙掌·亢龙有悔》人偶图残页	施展后使自身所有防御提高5%，持续5秒。	8490	22200	0			
1749	1	8	1	4740	《降龙掌·亢龙有悔》人偶图断篇	施展后使自身的外功攻击提高20%，持续8秒。	8490	23400	0			
1764	1	3	1	2718	《千劫万毒手·蝎心》经脉图残页	运功时间减少0.125秒。		19200	0			
1765	1	3	1	2718	《千劫万毒手·蝎心》经脉图断篇	运功时间减少0.125秒。		14100	0			
1766	1	2	1	2717	《千劫万毒手·蝎心》注解残页	施展招式的消耗降低10%。		8400	0			
1767	1	5	1	2720	《千劫万毒手·蝎心》秘诀断篇	会心提高3%。		9300	0	2		
1768	1	5	1	2720	《千劫万毒手·蝎心》秘诀残页	会心提高2%。		8400	0	1		
1769	1	6	1	2721	《千劫万毒手·蝎心》参悟残页	伤害提高3%。		9300	0			
1770	1	6	1	2721	《千劫万毒手·蝎心》参悟断篇	伤害提高4%。		10800	0			
1805	1	2	9440	1858	《游龙骑法·战八方》注解残页	施展招式的消耗降低5%	9440	900	0			
1806	1	2	9440	1858	《游龙骑法·战八方》注解断篇	施展招式的消耗降低10%。	9440	1200	0			
1807	1	2	9440	1858	《游龙骑法·战八方》注解绝章	施展招式的消耗降低15%。	9440	3000	0			
1808	1	9	9440	1865	《游龙骑法·战八方》真传残页	招式的有效距离增加2尺。	9440	1800	0			
1809	1	11	9440	1867	《游龙骑法·战八方》气血图残页	招式的有效目标人数增加1个。	9440	2700	0			
1810	1	6	9440	1862	《游龙骑法·战八方》参悟残页	伤害提高5%	9440	1200	0			
1811	1	6	9440	1862	《游龙骑法·战八方》参悟断篇	伤害提高5%。	9440	1500	0			
1812	1	2	9441	1858	《游龙骑法·战八方》注解残页	施展招式的消耗降低5%	9441	900	0			
1813	1	2	9441	1858	《游龙骑法·战八方》注解断篇	施展招式的消耗降低10%。	9441	1200	0			
1814	1	2	9441	1858	《游龙骑法·战八方》注解绝章	施展招式的消耗降低15%。	9441	3000	0			
1815	1	9	9441	1865	《游龙骑法·战八方》真传残页	招式的有效距离增加2尺。	9441	1800	0			
1816	1	11	9441	1867	《游龙骑法·战八方》奇穴图残页	招式的有效目标人数增加1个。	9441		0			
1817	1	6	9441	1862	《游龙骑法·战八方》参悟残页	伤害提高5%。	9441	1200	0			
1818	1	6	9441	1862	《游龙骑法·战八方》参悟断篇	伤害提高5%。	9441	1500	0			
1830	1	6	13052	6361	《苍雪刀·劫刀》参悟残页	伤害提高3%。	0	3300	0			
1831	1	6	13052	6361	《苍雪刀·劫刀》参悟断篇	伤害提高4%。	0	4200	0			
1832	1	6	13052	6361	《苍雪刀·劫刀》参悟绝章	伤害提高5%。	0	7500	0			
1833	1	5	13052	6360	《苍雪刀·劫刀》秘诀残页	会心提高2%。	0	3300	0			
1834	1	5	13052	6360	《苍雪刀·劫刀》秘诀断篇	会心提高3%。	0	4200	0			
1835	1	5	13052	6360	《苍雪刀·劫刀》秘诀绝章	会心提高4%。	0	7500	0			
1836	1	14	13052	6357	《苍雪刀·劫刀》注解残页	施展招式的怒气消耗降低5点。	0	13800	0			
1837	1	14	1	6357	《苍雪刀·劫刀》注解断篇	施展招式的怒气消耗降低3点。	0		0			
1838	1	6	13054	6361	《苍雪刀·斩刀》参悟残页	伤害提高3%。	0	3300	0			5
1839	1	6	13054	6361	《苍雪刀·斩刀》参悟断篇	伤害提高4%。	0	4200	0			5
1840	1	6	13054	6361	《苍雪刀·斩刀》参悟绝章	伤害提高5%。	0	9000	0			5
1841	1	5	13054	6360	《苍雪刀·斩刀》秘诀残页	会心提高2%。	0	3300	0			
1842	1	5	13054	6360	《苍雪刀·斩刀》秘诀断篇	会心提高3%。	0	4200	0			
1843	1	5	13054	6360	《苍雪刀·斩刀》秘诀绝章	会心提高4%。	0	9300	0			5
1844	1	8	1	6363	《苍雪刀·斩刀》人偶图残页	使目标锁足3秒。	0	18600	0			
1845	1	8	13054	6363	《苍雪刀·斩刀》人偶图断篇	解除自身减速和锁足效果。	0	23400	0			
1846	1	6	13055	6361	《苍雪刀·绝刀》参悟残页	伤害提高4%。	0	7200	0			5
1847	1	6	13055	6361	《苍雪刀·绝刀》参悟断篇	伤害提高5%。	0	10500	0			5
1848	1	5	13055	6360	《苍雪刀·绝刀》秘诀残页	会心提高3%。	0	7200	0			
1849	1	5	13055	6360	《苍雪刀·绝刀》秘诀断篇	会心提高4%。	0	10500	0			
1850	1	8	13055	6363	《苍雪刀·绝刀》人偶图残页	怒气消耗降低15点。	0	14400	0			5
1851	1	8	1	6363	《苍雪刀·绝刀》人偶图断篇	回复5点怒气。	0		0			
1852	1	6	13045	6361	《云城盾·盾压》参悟残页	伤害提高4%。	0	7200	0			5
1853	1	6	13045	6361	《云城盾·盾压》参悟断篇	伤害提高5%。	0	10800	0			5
1854	1	5	13045	6360	《云城盾·盾压》秘诀残页	会心提高3%。	0	7200	0			5
1855	1	5	13045	6360	《云城盾·盾压》秘诀断篇	会心提高4%。	0	10800	0			5
1856	1	1	13045	6356	《云城盾·盾压》穴位图残页	调息时间减少1秒。	0	22200	0			
1857	1	1	13045	6356	《云城盾·盾压》穴位图断篇	调息时间减少1秒。	0	23400	0			
1858	1	8	13045	6363	《云城盾·盾压》人偶图残页	增加5%触发几率。	0	13800	0			
1859	1	8	13045	6363	《云城盾·盾压》人偶图断篇	增加5%触发几率。	0	22200	0			
1860	1	6	13044	6361	《云城盾·盾刀》参悟残页	伤害提高3%。	0	2100	0			5
1861	1	6	13044	6361	《云城盾·盾刀》参悟断篇	伤害提高4%。	0	3000	0			5
1862	1	6	13044	6361	《云城盾·盾刀》参悟绝章	伤害提高5%。	0	7200	0			5
1863	1	5	13044	6360	《云城盾·盾刀》秘诀残页	会心提高2%。	0	2400	0			
1864	1	5	13044	6360	《云城盾·盾刀》秘诀断篇	会心提高3%。	0	3000	0			
1865	1	5	13044	6360	《云城盾·盾刀》秘诀绝章	会心提高4%。	0	7200	0			5
1866	1	8	13044	6363	《云城盾·盾刀》人偶图残页	盾刀第三段攻击额外回复5点怒气。	0	17400	0			
1867	1	10	13040	6365	《寒铁诀·血怒》手抄残页	招式效果持续时间增加1秒。	0	10800	0			5
1868	1	10	13040	6365	《寒铁诀·血怒》手抄断篇	招式效果持续时间增加1秒。	0	17100	0			5
1869	1	10	13040	6365	《寒铁诀·血怒》手抄绝章	招式效果持续时间增加1秒。	0	23400	0			5
1870	1	8	13040	6363	《寒铁诀·血怒》人偶图残页	回复5点怒气。	0	17100	0			5
1871	1	8	13040	6363	《寒铁诀·血怒》人偶图断篇	回复5点怒气。	0	20400	0			5
1872	1	8	13040	6363	《寒铁诀·血怒》人偶图绝章	回复5点怒气。	0	23400	0			5
1873	1	13	13040	6363	《寒铁诀·血怒》真髓图残页	回复2%气血最大值。	0	20400	0			
1874	1	13	13040	6363	《寒铁诀·血怒》真髓图断篇	回复3%气血最大值。	0	23400	0			
1874	2	9	0	0	《寒铁诀·血怒》真传断篇	恢复5%气血最大值。	0		0			
1879	1	0	0	0	测试	测试	0		0			
1880	1	1	1	6356	《破阵令·盾墙》穴位图残页	调息时间减少5秒。	0		0			5
1881	1	1	1	6356	《破阵令·盾墙》穴位图断篇	调息时间减少5秒。	0		0			5
1882	1	1	1	6356	《破阵令·盾墙》穴位图绝章	调息时间减少5秒。	0		0			5
1883	1	3	0	6363			0		0			
1884	1	3	0	6363	《破阵令·盾墙》经脉图断篇	回复5%气血最大值。	0		0			
1885	1	8	13049	6363	《破阵令·盾墙》人偶图残页	移动速度提高5%。	0	8400	0			
1886	1	8	13049	6363	《破阵令·盾墙》人偶图断篇	移动速度提高5%。	0	10200	0			
1887	1	8	13049	6363	《破阵令·盾墙》人偶图绝章	移动速度提高5%。	0	14100	0			
1888	1	13	13049	6363	《破阵令·盾墙》真髓图残页	受到的伤害额外降低10%。	0	10200	0			5
1889	1	13	13049	6363	《破阵令·盾墙》真髓图断篇	施展“收盾”将移除自身阳性、阴性、混元性和毒性不利效果各一个。	0	14100	0			
1895	1	1	1	6356	《苍雪刀·绝刀》穴位图残页	调息时间减少1秒。	0		0			4
1896	1	1	1	6356	《苍雪刀·绝刀》穴位图断篇	调息时间减少2秒。	0		0			5
1902	1	6	13048	6361	《破阵令·盾舞》参悟残页	伤害提高4%。	0	2100	0			
1903	1	6	13048	6361	《破阵令·盾舞》参悟断篇	伤害提高5%。	0	3300	0			
1904	1	5	13048	6360	《破阵令·盾舞》秘诀残页	会心提高3%。	0	1800	0			
1905	1	5	13048	6360	《破阵令·盾舞》秘诀断篇	会心提高4%。	0	2400	0			
1906	1	15	13048	6364	《破阵令·盾舞》真传残页	招式的有效范围增加1尺。	0	3600	0			
1907	1	15	13048	6364	《破阵令·盾舞》真传断篇	招式的有效范围增加1尺。	0	7800	0			
1908	1	8	13048	6363	《破阵令·盾舞》人偶图残页	招式效果持续时间增加1秒。	0	12000	0			
1909	1	8	13048	6363	《破阵令·盾舞》人偶图断篇	招式效果持续时间增加2秒。	0	18900	0			
1945	1	5	1	2720	《千劫万毒手·蛇影》秘诀残页	会心提高2%。	0	6300	0			
1946	1	5	1	2720	《千劫万毒手·蛇影》注解断篇	施展招式的消耗降低5%。	0	6300	0			
1947	1	5	1	2720	《千劫万毒手·蛇影》秘诀绝章	会心提高4%。	0	9900	0			
1948	1	10	1	2725	《千劫万毒手·蛇影》手抄残页	招式效果持续时间增加2秒。	0	8700	0			
1949	1	9	1	2724	《千劫万毒手·蛇影》真传残页	招式的有效距离增加4尺。	0	10200	0			
1950	1	6	1	2721	《千劫万毒手·蛇影》参悟残页	伤害提高4%。	0	7200	0			
1951	1	6	1	2721	《千劫万毒手·蛇影》参悟断篇	伤害提高5%。		8400	0			
1953	1	6	13050	6361	《破阵令·盾飞》参悟残页	伤害提高3%。	0	2700	0			5
1954	1	6	13050	6361	《破阵令·盾飞》参悟断篇	伤害提高4%。	0	3000	0			5
1955	1	5	13050	6360	《破阵令·盾飞》秘诀残页	会心提高2%。		3300	0			1
1956	1	5	13050	6360	《破阵令·盾飞》秘诀断篇	会心提高3%。	0	5100	0			6
1957	1	10	13050	6365	《破阵令·盾飞》手抄残页	招式效果持续时间增加5秒。	0	13200	0			5
1958	1	10	13050	6365	《破阵令·盾飞》手抄断篇	招式效果持续时间增加5秒。	0	20700	0			4
1959	1	8	1	6363	《破阵令·盾飞》人偶图残页	使目标受到的外功伤害提高5%，持续15秒。	0		0			
1963	1	13	1	6363	《寒铁诀·血怒》真髓绝章	回复3%气血最大值。	0		0			
1995	1	12	1	2724	《补天心经·醉舞九天》真传断篇	招式的有效范围增加2尺	0	13800	0			
1996	1	8	1	2723	《补天心经·醉舞九天》人偶图绝章	疗伤成效提高6%。	0	21600	0			
1997	1	2	1	2717	《补天心经·醉舞九天》注解残页	施展招式的消耗降低5%。	0	6300	0			
1998	1	2	1	2717	《补天心经·醉舞九天》注解断篇	施展招式的消耗降低10%。	0	6300	0			
1999	1	12	1	2724	《补天心经·醉舞九天》真传残页	招式的有效范围增加2尺。	0	10200	0			
2000	1	8	1	2723	《补天心经·醉舞九天》人偶图残页	疗伤成效提高4%。	0	9000	0			
2001	1	8	1	2723	《补天心经·醉舞九天》人偶图断篇	疗伤成效提高5%。	0	23400	0			
2005	1	8	1	1864	《羽林枪法·破风》人偶图残页	施展破风使目标受到的外功伤害提高5%。		23400	0			
2042	1	3	14064	7971	《音·宫》经脉图残页	运功时间减少0.125秒。	14064	23700	0			5
2043	1	3	14064	7971	《音·宫》经脉图断篇	运功时间减少0.125秒。	14064	23700	0			5
2044	1	9	14064	7977	《音·宫》真传残页	招式有效距离增加2尺。	14064	2700	0			
2045	1	6	14064	7974	《音·宫》参悟残页	伤害提高3%。	14064	8400	0			
2046	1	6	14064	7974	《音·宫》参悟断篇	伤害提高4%。	14064	12600	0			5
2047	1	5	14064	7973	《音·宫》秘诀残页	会心提高2%。	14064	5100	0			
2048	1	5	14064	7973	《音·宫》秘诀断篇	会心提高3%。	14064	8400	0			
2049	1	5	14064	7973	《音·宫》秘诀绝章	会心提高4%。	14064	12600	0			5
2050	1	3	14137	7971	《音·宫》经脉图残页	运功时间减少0.125秒。	14137	23700	0			5
2051	1	3	14137	7971	《音·宫》经脉图断篇	运功时间减少0.125秒。	14137	23700	0			5
2052	1	9	14137	7977	《音·宫》真传残页	招式有效距离增加2尺。	14137	2700	0			
2053	1	8	14137	7976	《音·宫》人偶图残页	疗伤成效提高3%。	14137	8400	0			
2054	1	8	14137	7976	《音·宫》人偶图断篇	疗伤成效提高4%。	14137	12600	0			5
2055	1	5	14137	7973	《音·宫》秘诀残页	会心提高2%。	14137	5100	0			
2056	1	5	14137	7973	《音·宫》秘诀断篇	会心提高3%。	14137	8400	0			
2057	1	5	14137	7973	《音·宫》秘诀绝章	会心提高4%。	14137	12600	0			5
2058	1	6	14065	7974	《音·商》参悟残页	伤害提高3%。	0	8400	0			5
2059	1	6	14065	7974	《音·商》参悟断篇	伤害提高4%。	0	12600	0			5
2060	1	6	14065	7974	《音·商》参悟绝章	伤害提高5%。	0	17700	0			5
2061	1	2	1	7970	《音·商》注解残页	施展招式的消耗降低5%。	0	2700	0			
2062	1	2	1	7970	《音·商》注解断篇	施展招式的消耗降低10%。	0	5100	0			
2063	1	5	14065	7973	《音·商》秘诀残页	会心提高2%。	0	5100	0			
2064	1	5	14065	7973	《音·商》秘诀断篇	会心提高3%。	0	8400	0			
2065	1	5	14065	7973	《音·商》秘诀绝章	会心提高4%。	0	12600	0			5
2066	1	6	14138	7974	《音·商》参悟残页	疗伤成效提高3%。	0	8400	0			
2067	1	6	14138	7974	《音·商》参悟断篇	疗伤成效提高4%。	0	12600	0			5
2068	1	6	14138	7974	《音·商》参悟绝章	疗伤成效提高5%。	0	17700	0			5
2069	1	2	1	7970	《音·商》注解残页	施展招式的消耗降低5%。	0	2700	0			
2070	1	2	1	7970	《音·商》注解断篇	施展招式的消耗降低10%。	0	5100	0			
2071	1	5	14138	7973	《音·商》秘诀残页	会心提高2%。	0	5100	0			
2072	1	5	14138	7973	《音·商》秘诀断篇	会心提高3%。	0	8400	0			5
2073	1	5	14138	7973	《音·商》秘诀绝章	会心提高4%。	0	12600	0			5
2074	1	6	14067	7974	《音·徵》参悟残页	伤害提高3%。	14067	8400	0			5
2075	1	6	14067	7974	《音·徵》参悟断篇	伤害提高4%。	14067	12600	0			5
2076	1	5	14067	7973	《音·徵》秘诀残页	会心提高2%。	14067	5100	0			
2077	1	5	14067	7973	《音·徵》秘诀断篇	会心提高3%。	14067	8400	0			5
2078	1	5	14067	7973	《音·徵》秘诀绝章	会心提高4%。	14067	12600	0			5
2079	1	9	14067	7977	《音·徵》真传残页	招式有效距离增加2尺。	14067	2700	0			
2080	1	16	14067	7976	《音·徵》归元图残页	“平沙落雁”曲目下使当前目标无法施展轻功，持续2秒。	14067	12600	0			
2081	1	16	14067	7976	《音·徵》归元图断篇	使目标移动速度降低50%，持续2秒。	14067	12600	0			
2082	1	8	14140	7976	《音·徵》人偶图残页	疗伤成效提高3%。	14140	8400	0			5
2083	1	8	14140	7976	《音·徵》人偶图断篇	疗伤成效提高4%。	14140	12600	0			5
2084	1	5	14140	7973	《音·徵》秘诀残页	会心提高2%。	14140	5100	0			
2085	1	5	14140	7973	《音·徵》秘诀断篇	会心提高3%。	14140	8400	0			
2086	1	5	14140	7973	《音·徵》秘诀绝章	会心提高4%。	14140	12600	0			5
2087	1	9	14140	7977	《音·徵》真传残页	招式有效距离增加2尺。	14140	2700	0			5
2088	1	13	14140	7976	《音·徵》真髓图残页	使目标移动速度提高20%，持续2秒。	14140	5100	0			
2089	1	6	14068	7974	《音·羽》参悟残页	伤害提高3%。	0	8400	0			5
2090	1	6	14068	7974	《音·羽》参悟断篇	伤害提高4%。	0	12600	0			5
2091	1	5	14068	7973	《音·羽》秘诀残页	会心提高3%。	0	8400	0			5
2092	1	5	14068	7973	《音·羽》秘诀断篇	会心提高4%。	0	12600	0			5
2093	1	2	1	7970	《音·羽》注解残页	施展招式的消耗降低5%。	0	2700	0			
2094	1	2	1	7970	《音·羽》注解断篇	施展招式消耗降低10%。	0	5100	0			
2095	1	8	14068	7976	《音·羽》归元图残页	对受控目标造成的伤害提高20%。	0	12600	0			
2096	1	8	14068	7976	《音·羽》归元图断篇	命中受控目标使目标受到下一次技能伤害提高20%，持续5秒。	0	12600	0			
2097	1	8	14141	7976	《音·羽》人偶图残页	疗伤成效提高3%。	0	8400	0			
2098	1	8	14141	7976	《音·羽》人偶图断篇	疗伤成效提高4%。	0	12600	0			5
2099	1	5	14141	7973	《音·羽》秘诀残页	会心提高3%。	0	8400	0			5
2100	1	5	14141	7973	《音·羽》秘诀断篇	会心提高4%。	0	12600	0			5
2101	1	2	1	7970	《音·羽》注解残页	施展招式消耗降低5%。	0	2700	0			
2102	1	2	1	7970	《音·羽》注解断篇	施展招式消耗降低10%。	0	5100	0			
2103	1	13	14141	7976	《音·羽》真髓图残页	对受控目标造成的治疗效果提高15%。	0	12600	0			
2104	1	13	14141	7976	《音·羽》真髓图断篇	命中目标使目标受到下一次技能伤害降低20%，持续5秒。	0	12600	0			5
2105	1	3	14084	7971	《影·杯水留影》经脉图残页	运功时间减少0.25秒。	0	17700	0			5
2106	1	3	14084	7971	《影·杯水留影》经脉图断篇	运功时间减少0.25秒。	0	17700	0			5
2107	1	3	14084	7971	《影·杯水留影》经脉图绝章	运功时间减少0.5秒。	0	23700	0			5
2108	1	9	14084	7977	《影·杯水留影》真传残页	招式有效距离增加2尺。	0	5100	0			
2109	1	9	14084	7977	《影·杯水留影》真传断篇	招式有效距离增加3尺。	0	8400	0			
2110	1	2	1	7970	《影·杯水留影》注解残页	施展招式消耗降低5%。	0	2700	0			
2111	1	2	1	7970	《影·杯水留影》注解断篇	施展招式消耗降低10%。	0	5100	0			
2112	1	8	14084	7976	《影·杯水留影》人偶图残页	目标复活后受到的所有伤害降低30%，持续5秒。	0	17700	0			5
2113	1	1	14076	7969	《气·青霄飞羽》穴位图残页	调息时间减少2秒。	0	17700	0			
2114	1	1	14076	7969	《气·青霄飞羽》穴位图断篇	调息时间减少3秒。	0	23700	0			
2115	1	2	1	7970	《气·青霄飞羽》注解残页	施展招式消耗降低10%。	0	5100	0			
2116	1	2	1	7970	《气·青霄飞羽》注解断篇	施展招式消耗降低15%。	0	8400	0			
2117	1	8	14076	7976	《气·青霄飞羽》人偶图残页	效果期间自身受到的伤害降低40%。	0	23700	0			
2118	1	8	14076	7976	《气·青霄飞羽》人偶图断篇	“音”套路下技能施展距离提高5尺。	0	12600	0			
2119	1	8	14076	7976	《气·青霄飞羽》人偶图绝章	浮空持续时间增加2秒。	0	17700	0			
2128	1	3	1	7971	《音·宫》经脉图残页	运功时间减少0.125秒。		23700	0			
2129	1	3	1	7971	《音·宫》经脉图断篇	运功时间减少0.125秒。		23700	0			
2130	1	9	1	7977	《音·宫》真传残页	招式有效距离增加2尺。		2700	0			
2131	1	6	1	7974	《音·宫》参悟残页	伤害提高3%。		8400	0			
2132	1	6	1	7974	《音·宫》参悟断篇	伤害提高4%。		12600	0			
2133	1	5	1	7973	《音·宫》秘诀残页	会心提高2%。		5100	0			
2134	1	5	1	7973	《音·宫》秘诀断篇	会心提高3%。		8400	0			
2135	1	5	1	7973	《音·宫》秘诀绝章	会心提高4%。		12600	0			
2184	1	3	1	7971	《音·宫》经脉图残页	运功时间减少0.125秒。		23700	0			
2185	1	3	1	7971	《音·宫》经脉图断篇	运功时间减少0.125秒。		23700	0			
2186	1	9	1	7977	《音·宫》真传残页	招式有效距离增加2尺。		2700	0			
2187	1	8	1	7976	《音·宫》人偶图残页	疗伤成效提高3%。		8400	0			
2188	1	8	1	7976	《音·宫》人偶图断篇	疗伤成效提高4%。		12600	0			
2189	1	5	1	7973	《音·宫》秘诀残页	会心提高2%。		5100	0			
2190	1	5	1	7973	《音·宫》秘诀断篇	会心提高3%。		8400	0			
2191	1	5	1	7973	《音·宫》秘诀绝章	会心提高4%。		12600	0			
2209	1	0	0	0	测试	测试	0	-1	0	0		
2270	1	8	14664	1875	《太素九针·彼针》人偶图残页	疗伤成效提高3%。	0	28800	0			
2271	1	8	14664	1875	《太素九针·彼针》人偶图断篇	疗伤成效提高4%。	0	32400	0			
2272	1	8	14664	1875	《太素九针·彼针》人偶图绝章	疗伤成效提高5%。	0	34800	0			
2273	1	1	14664	1868	《太素九针·彼针》穴位图残页	调息时间减少1秒。	0	44400	0			
2274	1	1	14664	1868	《太素九针·彼针》穴位图断篇	调息时间减少1秒。	0	44400	0			
2275	1	12	14664	1876	《太素九针·彼针》真传残页	招式的有效范围增加1尺。	0	41400	0			
2276	1	12	14664	1876	《太素九针·彼针》真传断篇	招式的有效范围增加1尺。	0	44400	0			
2277	1	2	14664	1869	《太素九针·彼针》注解残页	施展招式的消耗降低10%。	0	19200	0			
2374	1	5	15053	2560	《秀水剑法·九溪弥烟》秘诀残页	会心提高2%。	0	9300	0			
2375	1	5	15053	2560	《秀水剑法·九溪弥烟》秘诀断篇	会心提高3%。	0	8100	0			
2376	1	6	15053	2561	《秀水剑法·九溪弥烟》参悟残页	伤害提高3%。	0	7800	0			
2377	1	6	15053	2561	《秀水剑法·九溪弥烟》参悟断篇	伤害提高4%。	0	8400	0			
2378	1	6	15053	2561	《秀水剑法·九溪弥烟》参悟绝章	伤害提高5%。	0	11400	0			
2379	1	9	15053	2564	《秀水剑法·九溪弥烟》真传残页	招式的有效范围增加1尺。	0	9300	0			
2380	1	9	15053	2564	《秀水剑法·九溪弥烟》真传断篇	招式的有效范围增加1尺。	0	17100	0			
2418	1	8	568	1842	《剑器浑脱·繁音急节》人偶图绝章	获得5层满堂效果，每层使会心几率提高8%，会心效果提高2%，持续15秒，施展任何伤害或疗伤招式都消耗一层。	0	23400	0			5
2438	1	8	24378	8559	《奇门·奇门飞宫》人偶图断篇	非战斗状态下施展则返还招式7秒调息时间。	0	6900	0	1		5
2475	1	2	1	10921	《九霄踏云步·浮游天地》注解残页	施展招式的消耗降低5%。	0	1500	0	0		
2476	1	2	1	10921	《九霄踏云步·浮游天地》注解断篇	施展招式的消耗降低10%。	0	1500	0	0		
2477	1	2	1	10921	《九霄踏云步·浮游天地》注解绝章	施展招式的消耗降低15%。		1500	0			
2478	1	5	19828	10923	《九霄踏云步·浮游天地》秘诀残页	会心提高2%。	0	7500	0	0		
2479	1	5	19828	10923	《九霄踏云步·浮游天地》秘诀断篇	会心提高3%。	0	11700	0	0		5
2480	1	5	19828	10923	《九霄踏云步·浮游天地》秘诀绝章	会心提高4%。	0	16200	0	0		5
2481	1	8	19828	10925	《九霄踏云步·浮游天地》人偶图残页	若自身处于水中则不再跃起浮空，在自身范围荡起一团激流，每秒对周围6尺范围最多5个目标造成伤害，提高自身15%的移动速度，持续10秒。		26400	0			5
2521	1	8	1	1831	《天道剑势·人剑合一》人偶图断篇	施展时自身13尺内存在“吞日月”“碎星辰”气场后会使“气剑”分别环绕自身4/5尺运转8秒，“气剑”运转期间会对4个敌对目标造成外功伤害。		23400	0			5
2525	1	8	561	1842	《猿公剑法·剑气长江》人偶图断篇	“剑气长江”有30%几率使目标获得一层“急曲”效果并重置“剑气长江”调息时间。		18300	0			5
2581	1	8	1581	2563	《秀水剑法·黄龙吐翠》人偶图绝章	卸除目标阳性、混元性、阴性、毒性气劲各一个。		8400	0			
2587	1	8	18322	2563	《灵峰剑式·鹤归孤山》人偶图绝章	鹤归孤山不再具有位移效果，造成的眩晕效果增加1秒。		44400	0			5
2636	1	5	27551	15635	《行忌制方·商陆缀寒》秘诀残页	会心提高3%。	0	7200	0	0		5
2637	1	5	27551	15635	《行忌制方·商陆缀寒》秘诀断篇	会心提高4%。	0	10800	0	0		5
2638	1	6	27551	16326	《行忌制方·商陆缀寒》参悟残页	伤害提高2%。		10800	0			5
2639	1	6	27551	16326	《行忌制方·商陆缀寒》参悟断篇	伤害提高3%。		14400	0			5
2640	1	2	1	15632	《行忌制方·商陆缀寒》注解残页	施展招式的消耗降低10%。		7200	0			
2641	1	2	1	15632	《行忌制方·商陆缀寒》注解断篇	施展招式的消耗降低20%。		10800	0			
2642	1	8	27551	15637	《行忌制方·商陆缀寒》人偶图残页	“凌然天风”期间无需运功。		36000	0			
2643	1	5	27554	15635	《行忌制方·钩吻断肠》秘诀残页	会心提高2%。	0	3600	0	0		
2644	1	5	27554	15635	《行忌制方·钩吻断肠》秘诀断篇	会心提高3%。	0	7200	0	0		5
2645	1	5	27554	15635	《行忌制方·钩吻断肠》秘诀绝章	会心提高4%。	0	10800	0	0		5
2646	1	6	27554	16326	《行忌制方·钩吻断肠》参悟残页	伤害提高2%。		10800	0			5
2647	1	6	27554	16326	《行忌制方·钩吻断肠》参悟断篇	伤害提高3%。		14400	0			5
2648	1	2	1	15632	《行忌制方·钩吻断肠》注解残页	施展招式的消耗降低10%。		7200	0			
2649	1	2	1	15632	《行忌制方·钩吻断肠》注解断篇	施展招式的消耗降低20%。		10800	0			
2650	1	5	27556	15635	《行忌制方·川乌射罔》秘诀残页	会心提高3%。	0	7200	0	0		5
2651	1	5	27556	15635	《行忌制方·川乌射罔》秘诀断篇	会心提高4%。	0	10800	0	0		5
2652	1	6	27556	16326	《行忌制方·川乌射罔》参悟残页	伤害提高2%。		10800	0			5
2653	1	6	27556	16326	《行忌制方·川乌射罔》参悟断篇	伤害提高3%。		14400	0			5
2654	1	2	1	15632	《行忌制方·川乌射罔》注解残页	施展招式的消耗降低10%。		7200	0			
2655	1	2	1	15632	《行忌制方·川乌射罔》注解断篇	施展招式的消耗降低20%。		10800	0			
2656	1	8	27556	15637	《行忌制方·川乌射罔》人偶图残页	每跳回复自身1%的最大内力值。		21600	0			
2657	1	1	27582	15631	《行忌制方·且待时休》穴位图残页	调息时间降低1秒。		14400	0			
2658	1	1	27582	15631	《行忌制方·且待时休》穴位图断篇	调息时间降低2秒。		18000	0			
2659	1	6	27582	16326	《行忌制方·且待时休》参悟残页	伤害提高2%。		10800	0			
2660	1	6	27582	16326	《行忌制方·且待时休》参悟断篇	伤害提高3%。		14400	0			
2661	1	2	1	15632	《行忌制方·且待时休》注解残页	施展招式的消耗降低10%。		7200	0			
2662	1	2	1	15632	《行忌制方·且待时休》注解断篇	施展招式的消耗降低20%。		10800	0			
2663	1	8	27582	15637	《行忌制方·且待时休》人偶图残页	使目标移动速度降低60%。		25200	0			
2664	1	5	27621	15635	《行宜列药·白芷含芳》秘诀残页	会心提高2%。	0	3600	0	0		
2665	1	5	27621	15635	《行宜列药·白芷含芳》秘诀断篇	会心提高3%。	0	7200	0	0		5
2666	1	5	27621	15635	《行宜列药·白芷含芳》秘诀绝章	会心提高4%。	0	10800	0	0		5
2667	1	6	27621	16326	《行宜列药·白芷含芳》参悟残页	疗伤成效提高2%。		10800	0			
2668	1	6	27621	16326	《行宜列药·白芷含芳》参悟断篇	疗伤成效提高3%。		14400	0			5
2669	1	9	27621	15638	《行宜列药·白芷含芳》真传残页	招式的有效距离增加3尺。		21600	0			
2670	1	8	27621	15637	《行宜列药·白芷含芳》人偶图残页	“凌然天风”期间无需运功。		36000	0			5
2671	1	5	27630	15635	《行宜列药·龙葵自苦》秘诀残页	会心提高2%。	0	3600	0	0		
2672	1	5	27630	15635	《行宜列药·龙葵自苦》秘诀断篇	会心提高3%。	0	7200	0	0		
2673	1	5	27630	15635	《行宜列药·龙葵自苦》秘诀绝章	会心提高4%。	0	10800	0	0		5
2674	1	6	27630	16326	《行宜列药·龙葵自苦》参悟残页	疗伤成效提高2%。		10800	0			
2675	1	6	27630	16326	《行宜列药·龙葵自苦》参悟断篇	疗伤成效提高3%。		14400	0			5
2676	1	8	27630	15637	《行宜列药·龙葵自苦》人偶图残页	折算的“自苦”治疗吸收盾的数值降低40%。		21600	0			5
2677	1	8	27630	15637	《行宜列药·龙葵自苦》人偶图断篇	“自苦”效果持续时间降低2秒。		21600	0			5
2678	1	1	1	15631	《行宜列药·赤芍寒香》穴位图残页	调息时间降低1秒。		14400	0			5
2679	1	1	1	15631	《行宜列药·赤芍寒香》穴位图断篇	调息时间降低2秒。		18000	0			5
2680	1	6	27632	16326	《行宜列药·赤芍寒香》参悟残页	疗伤成效提高3%。		14400	0			
2681	1	6	27632	16326	《行宜列药·赤芍寒香》参悟断篇	疗伤成效提高4%。		18000	0			
2682	1	6	27632	16326	《行宜列药·赤芍寒香》参悟绝章	疗伤成效提高5%。		21600	0			5
2683	1	9	27632	15638	《行宜列药·赤芍寒香》真传残页	招式的有效距离增加3尺。		21600	0			
2684	1	8	1	15637	《行宜列药·赤芍寒香》人偶图残页	每发生一次中和降低1秒调息时间。		36000	0			5
2685	1	1	28620	15631	《行宜列药·七情和合》穴位图残页	调息时间降低1秒。		10800	0			5
2686	1	1	28620	15631	《行宜列药·七情和合》穴位图断篇	调息时间降低2秒。		14400	0			5
2687	1	6	28620	16326	《行宜列药·七情和合》参悟残页	疗伤成效提高2%。		10800	0			
2688	1	6	28620	16326	《行宜列药·七情和合》参悟断篇	疗伤成效提高3%。		14400	0			
2689	1	6	28620	16326	《行宜列药·七情和合》参悟绝章	疗伤成效提高4%。		18000	0			
2690	1	8	28620	15637	《行宜列药·七情和合》人偶图残页	“七情”效果持续时间降低5秒。		25200	0			5
2691	1	8	28620	15637	《行宜列药·七情和合》人偶图断篇	“七情”效果持续时间降低5秒。		25200	0			5
2692	1	5	28345	15635	《凌波飞叶令·银光照雪》秘诀残页	会心提高4%。	0	10800	0	0		5
2693	1	5	28345	15635	《凌波飞叶令·银光照雪》秘诀断篇	会心提高5%。	0	14400	0	0		5
2694	1	6	28345	16326	《凌波飞叶令·银光照雪》参悟残页	伤害和疗伤成效提高2%。		10800	0			5
2695	1	6	28345	16326	《凌波飞叶令·银光照雪》参悟断篇	伤害和疗伤成效提高3%。		14400	0			5
2696	1	2	1	15632	《凌波飞叶令·银光照雪》注解残页	施展招式的消耗降低10%。		7200	0			
2697	1	2	1	15632	《凌波飞叶令·银光照雪》注解断篇	施展招式的消耗降低20%。		10800	0			
2698	1	8	28345	15637	《凌波飞叶令·银光照雪》人偶图残页	若目标为敌方且距离自身超过施展范围，则该次“银光照雪”视作对自身释放。		28800	0			
2699	1	1	27642	15631	《凌波飞叶令·凌然天风》穴位图残页	调息时间降低1秒。		14400	0			5
2700	1	1	27642	15631	《凌波飞叶令·凌然天风》穴位图断篇	调息时间降低1秒。		14400	0			5
2701	1	2	1	15632	《凌波飞叶令·凌然天风》注解残页	施展招式的消耗降低15%。		7200	0			
2702	1	2	1	15632	《凌波飞叶令·凌然天风》注解断篇	施展招式的消耗降低20%。		10800	0			
2703	1	2	1	15632	《凌波飞叶令·凌然天风》注解绝章	施展招式的消耗降低25%。		14400	0			
2704	1	8	27642	15637	《凌波飞叶令·凌然天风》人偶图残页	持续期间自身受到伤害降低20%。		18000	0			5
2705	1	8	27642	15637	《凌波飞叶令·凌然天风》人偶图断篇	施展后免摔伤提高，该效果直至落地后消失。		18000	0			5
2706	1	1	27674	15631	《神农百草诀·逐云寒蕊》穴位图残页	调息时间降低2秒。		14400	0			5
2707	1	1	27674	15631	《神农百草诀·逐云寒蕊》穴位图断篇	调息时间降低2秒。		14400	0			5
2708	1	1	27674	15631	《神农百草诀·逐云寒蕊》穴位图绝章	调息时间降低2秒。		14400	0			5
2709	1	2	1	15632	《神农百草诀·逐云寒蕊》注解残页	施展招式的消耗降低50%。		10800	0			
2710	1	8	27674	15637	《神农百草诀·逐云寒蕊》人偶图残页	自身处于隐匿状态时受到的伤害降低70%。		18000	0			
2711	1	8	27674	15637	《神农百草诀·逐云寒蕊》人偶图断篇	“逐云寒蕊”受到攻击提前结束时对范围内小队成员造成一次<NounID 13>治疗。		18000	0			5
2713	1	8	27674	15637	《神农百草诀·逐云寒蕊》人偶图绝章	隐匿期间每秒恢复1%的最大气血值。		36000	0			4
2714	1	1	27675	15631	《神农百草诀·枯木苏息》穴位图残页	调息时间降低60秒。		18000	0			4
2715	1	1	27675	15631	《神农百草诀·枯木苏息》穴位图断篇	调息时间降低90秒。		21600	0			5
2716	1	1	27675	15631	《神农百草诀·枯木苏息》穴位图绝章	调息时间降低90秒。		21600	0			5
2717	1	2	1	1	《神农百草诀·枯木苏息》注解残页	施展招式的消耗降低20%。		7200	0			
2718	1	2	1	15632	《神农百草诀·枯木苏息》注解断篇	施展招式的消耗降低30%。		10800	0			
2719	1	8	27675	15637	《神农百草诀·枯木苏息》人偶图残页	复苏的目标额外回复20%最大气血值。		28800	0			5
2720	1	8	27675	15637	《神农百草诀·枯木苏息》人偶图断篇	自身陷入睡眠后，每救助一个目标将在场地飘落一枚树叶，持续10秒，队友每拾取一枚树叶则使得自身治疗吸收盾获得100%最大气血值的回复。		36000	0			
2832	1	8	1	1831	《天道剑势·人剑合一》人偶图绝章	可以引爆友方气场。		7200	0			
2966	1	8	28345	15637	《凌波飞叶令·银光照雪》人偶图断篇	调息时间提高15秒，对自身或友方目标施展时卸除目标阴性、阳性、混元、毒性不利效果各一个。		28800	0	0		
2992	1	5	32132	18180	《流云势法·行云势》秘诀断篇	会心提高3%。		8500	0	2		
2998	1	1	1	1846	《达摩武诀·无相诀》穴位图残页	调息时间减少10秒。	31906	12300	0	0		
2999	1	1	1	1846	《达摩武诀·无相诀》穴位图断篇	调息时间减少20秒。	31906	21000	0			
3000	1	2	1	1847	《达摩武诀·无相诀》注解残页	施展招式的消耗降低20%。	31906	6300	0			
3001	1	2	1	1847	《达摩武诀·无相诀》注解断篇	施展招式的消耗降低25%。	31906	6300	0			
3002	1	2	1	1847	《达摩武诀·无相诀》注解绝章	施展招式的消耗降低30%。	31906	6300	0			
3003	1	8	1	1853	《达摩武诀·无相诀》人偶图残页	额外附带5%额外减伤效果。	31906	21300	0	1		
3004	1	8	1	1853	《达摩武诀·无相诀》人偶图断篇	效果被卸除，每提前结束一秒，调息时间降低4秒。	31906	12900	0	2		
3005	1	10	1	1855	《达摩武诀·无相诀》手抄残页	招式附加效果持续时间增加1秒。	31906	22500	0			
3006	1	10	1	1855	《达摩武诀·无相诀》手抄断篇	招式附加效果持续时间增加1秒。	31906	22500	0			
3040	1	5	32132	18180	《流云势法·行云势》秘诀绝章	【带月阁阁主萧孟所悟】会心提高4%。		12800	0	3		5
3041	1	6	32132	18174	《流云势法·行云势》参悟断篇	伤害提高4%。		24750	0	2		5
3042	1	6	32132	18174	《流云势法·行云势》参悟绝章	伤害提高5%。		14080	0	3		5
3043	1	5	32133	18180	《流云势法·停云势》秘诀断篇	会心提高3%。		10300	0			
3044	1	5	32133	18180	《流云势法·停云势》秘诀绝章	会心提高4%。	0	15500	0	0		
3045	1	6	32133	18174	《流云势法·停云势》参悟断篇	伤害提高4%。	0	11500	0	0		
3046	1	6	32133	18174	《流云势法·停云势》参悟绝章	伤害提高5%。		16300	0			
3047	1	5	32135	18180	《流云势法·断云势》秘诀断篇	会心提高3%。		12000	0			
3048	1	5	32135	18180	《流云势法·断云势》秘诀绝章	会心提高4%。		17000	0			5
3049	1	6	32135	18174	《流云势法·断云势》参悟断篇	伤害提高4%。		12500	0			5
3050	1	6	32135	18174	《流云势法·断云势》参悟绝章	伤害提高5%。		17500	0			5
3051	1	5	32601	18180	《破浪三式·沧浪三叠》秘诀断篇	会心提高3%。		13200	0	2		
3052	1	5	32601	18180	《破浪三式·沧浪三叠》秘诀绝章	会心提高4%。		18700	0	3		5
3053	1	6	32601	18174	《破浪三式·沧浪三叠》参悟断篇	伤害提高4%。		14000	0	2		5
3054	1	6	32601	18174	《破浪三式·沧浪三叠》参悟绝章	伤害提高5%。	0	19500	0	3		5
3055	1	5	32144	18180	《破浪三式·横云断浪》秘诀断篇	非持续性伤害效果会心提高3%。		14500	0			5
3056	1	5	32144	18180	《破浪三式·横云断浪》秘诀绝章	非持续性伤害效果会心提高4%。		20500	0			5
3057	1	6	32144	18174	《破浪三式·横云断浪》参悟断篇	非持续性伤害效果提高4%。		15400	0			5
3058	1	6	32144	18174	《破浪三式·横云断浪》参悟绝章	非持续性伤害效果提高5%。	0	21500	0	0		5
3059	1	5	32145	18180	《破浪三式·孤锋破浪》秘诀断篇	会心提高3%。		16000	0			5
3060	1	5	32145	18180	《破浪三式·孤锋破浪》秘诀绝章	会心提高4%。		22550	0			5
3061	1	6	32145	18174	《破浪三式·孤锋破浪》参悟断篇	伤害提高4%。		16940	0			5
3062	1	6	32145	18174	《破浪三式·孤锋破浪》参悟绝章	伤害提高5%。		23650	0			5
3063	1	5	32146	18180	《骤雨劲·留客雨》秘诀断篇	会心提高3%。		18000	0	2		
3064	1	5	32146	18180	《骤雨劲·留客雨》秘诀绝章	会心提高4%。		10240	0	3		5
3065	1	6	32146	18174	《骤雨劲·留客雨》参悟断篇	伤害提高4%。	0	19800	0	2		5
3066	1	6	32146	18174	《骤雨劲·留客雨》参悟绝章	伤害提高5%。		11200	0	3		5
3100	1	8	32140	18178	《游风步·驰风八步》人偶图残页	【洞幽刀主莫铭所悟】非战斗状态下施展一段招式时，降低5秒调息时间。		40000	0			5
3103	1	9	32175	18175	《流云势法·望云势》真传断篇	招式的有效距离增加2尺。		30000	0			
3104	1	9	32175	18175	《流云势法·望云势》真传绝章	招式的有效距离增加3尺。		35000	0			
3105	1	8	32140	18178	《游风步·驰风八步》人偶图断篇	【浪游刀主浪三归所悟】一段招式后撤结束后，自身免疫控制(击退和被拉除外)，持续3秒。	0	45000	0	0		
3108	1	9	32133	18175	《流云势法·停云势》真传断篇	招式的有效距离增加2尺。		27000	0			
3109	1	9	32135	18175	《流云势法·断云势》真传绝章	招式的有效距离增加4尺。		40000	0			5
3111	1	5	32132	18180	《流云势法·行云势》秘诀残页	会心提高2%。		18000	0	1		
3112	1	6	32132	18174	《流云势法·行云势》参悟残页	伤害提高3%。		19800	0	1		5
3113	1	1	32133	18184	《流云势法·停云势》穴位图残页	调息时间降低1秒。		10800	0			
3114	1	1	32133	18184	《流云势法·停云势》穴位图断篇	调息时间降低2秒。		12800	0			
3115	1	8	32135	18178	《流云势力·断云势》人偶图残页	【流芳刀主练红洗所悟】目标血量高于65%也能够触发额外伤害。		37000	0			
3116	1	6	32175	18174	《流云势法·望云势》参悟断篇	伤害提高4%。		9800	0	2		
3117	1	6	32175	18174	《流云势法·望云势》参悟绝章	伤害提高5%。		14700	0	3		
3118	1	5	32175	18180	《流云势法·望云势》秘诀断篇	会心提高3%。		9300	0	2		
3119	1	5	32175	18180	《流云势法·望云势》秘诀绝章	会心提高4%。		13965	0	3		
3120	1	1	32140	18184	《游风步·驰风八步》穴位图残页	调息时间降低1秒。		15000	0			5
3121	1	1	32140	18184	《游风步·驰风八步》穴位图断篇	调息时间降低2秒。		17000	0			5
3122	1	1	32140	18184	《游风步·驰风八步》穴位图绝章	调息时间降低3秒。		20000	0			5
3123	1	1	1	18184	《游风步·游风飘踪》穴位图残页	调息时间降低7秒。		25000	0			5
3124	1	1	1	18184	《游风步·游风飘踪》穴位图断篇	调息时间降低8秒。		30000	0			5
3125	1	10	32142	18177	《游风步·游风飘踪》手抄残页	招式效果持续时间增加2秒。	0	25000	0			5
3126	1	10	32142	18177	《游风步·游风飘踪》手抄断篇	招式效果持续时间增加3秒。	0	30000	0			5
3127	1	5	32601	18180	《破浪三式·沧浪三叠》秘诀残页	会心提高2%。		11880	0	1		
3128	1	6	32601	18174	《破浪三式·沧浪三叠》参悟残页	伤害提高3%。		12600	0	1		5
3129	1	1	32148	18184	《骤雨劲·触石雨》穴位图残页	调息时间降低2秒。		20000	0			
3130	1	1	32148	18184	《骤雨劲·触石雨》穴位图断篇	调息时间降低3秒。		24000	0			
3132	1	8	32148	18178	《骤雨劲·触石雨》人偶图残页	【披星阁弟子甘青阳所悟】目标击倒状态结束后，加速率降低10%，持续5秒。		22000	0			
3133	1	6	32148	18174	《骤雨劲·触石雨》参悟残页	伤害提高3%。		22500	0			
3134	1	6	32148	18174	《骤雨劲·触石雨》参悟绝章	伤害提高4%。		12800	0			
3135	1	8	32134	18178	《流云势法·决云势》人偶图残页	【刀宗四绝张钧所悟】解除自身减速效果。		8000	0			
3136	1	8	32134	18178	《流云势法·决云势》人偶图断篇	【披星阁阁主左伶所悟】解除自身锁足效果。		11000	0			
3137	1	6	32134	18174	《流云势法·决云势》参悟残页	伤害提高3%。		9500	0	2		5
3138	1	6	32134	18174	《流云势法·决云势》参悟断篇	伤害提高4%。		11400	0	2		5
3139	1	5	32134	18180	《流云势法·决云势》秘诀残页	会心提高2%。		9000	0	2		5
3140	1	5	32134	18180	《流云势法·决云势》秘诀断篇	会心提高3%。		10800	0	2		5
3141	1	5	32146	18180	《骤雨劲·留客雨》秘诀残页	会心提高2%。		7100	0	1		
3142	1	6	32146	18174	《骤雨劲·留客雨》参悟残页	伤害提高3%。	0	10600	0	1		5
3143	1	8	32146	18178	《骤雨劲·留客雨》人偶图残页	【披星阁弟子樊一所悟】减速效果提高至50%。		15000	0			
3144	1	9	32132	18175	《流云势法·行云势》真传残页	招式的有效距离增加2尺。		17000	0			
3184	1	9	32146	18175	《骤雨劲·留客雨》真传残页	招式的有效距离增加2尺。	0	15000	0	0		
3212	1	8	32135	18178	《流云势法·断云势》人偶图断篇	当前目标处于可命中范围时方可施展该招式。	0	3000	0	0		
3217	1	9	32144	18175	《破浪三式·横云断浪》真传残页	招式的有效距离增加2尺。		3500	0			
3218	1	8	32144	18178	《破浪三式·横云断浪》人偶图残页	招式附带冲刺效果。	0	6800	0	0		
3242	1	8	3096	3161	《百步穿杨·追命箭》人偶图绝章	命中自身“穿心弩”效果玩家目标时，叠加一层“穿心”。	0	23400	0	0		
3243	1	8	3095	3161	《百步穿杨·夺魄箭》人偶图残页	命中自身“穿心弩”效果玩家目标时，叠加一层“穿心”。		23400	0			
3264	1	8	28345	15637	《凌波飞叶令·银光照雪》人偶图绝章	造成的治疗效果也受到自身基础毒性内功攻击加成。		28800	0			
4099	1	1	3118	3154	《天魔无相·鸟翔碧空》穴位图残页	调息时间减少1秒。	0	2100	0			
4100	1	1	3118	3154	《天魔无相·鸟翔碧空》穴位图断篇	调息时间减少2秒。	0	4200	0			
4101	1	1	3118	3154	《天魔无相·鸟翔碧空》穴位图绝章	调息时间减少2秒。	0	4200	0			
4102	1	8	3118	3161	《天魔无相·鸟翔碧空》人偶图残页	受到伤害降低5%。	0	12300	0			
4103	1	8	3118	3161	《天魔无相·鸟翔碧空》人偶图断篇	受到伤害降低5%。	0	12300	0			
4104	1	3	15132	2718	《补天心经·迷仙引梦》经脉图残页	运功时间减少0.125秒。	0	8100	0			
4105	1	3	15132	2718	《补天心经·迷仙引梦》经脉图断篇	运功时间减少0.125秒。	0	8100	0			
4106	1	3	15132	2718	《补天心经·迷仙引梦》经脉图绝章	运功时间减少0.25秒。	0	10800	0			
4107	1	5	15132	7973	《补天心经·迷仙引梦》秘诀残页	会心提高2%。	0	3600	0			
4108	1	5	15132	7973	《补天心经·迷仙引梦》秘诀断篇	会心提高3%。	0	3600	0			
4109	1	8	15132	2723	《补天心经·迷仙引梦》真髓图残页	治疗目标低于5个，提高120%治疗效果。	0	16500	0			
4115	1		0						0			
4124	1	5	16598	8561	《殷雷腿·雷走风切》秘诀残页	会心提高2%。	0	9000	0	0		
4125	1	5	16598	8561	《殷雷腿·雷走风切》秘诀断篇	会心提高3%。	0	12000	0	0		
4126	1	5	16598	8561	《殷雷腿·雷走风切》秘诀绝章	会心提高4%。	0	15000	0	0		5
4127	1	6	16598	8560	《殷雷腿·雷走风切》参悟残页	伤害提高3%。	0	9000	0	0		5
4128	1	6	16598	8560	《殷雷腿·雷走风切》参悟断篇	伤害提高4%。	0	12000	0	0		5
4129	1	6	16598	8560	《殷雷腿·雷走风切》参悟绝章	伤害提高5%。	0	15000	0	0		5
4130	1	8	16598	8559	《殷雷腿·雷走风切》人偶图残页	卸除目标混元、阴性、阳性、毒性增益气劲各一个。	0	27000	0	0		
4131	1	8	16598	8559	《殷雷腿·雷走风切》人偶图断篇	获得5%最大气血值的伤害吸收盾，期间自身移动速度提高10%，持续5秒。	0	27000	0	0		
4132	1	5	1	8561	《殷雷腿·雷走风切》秘诀残页	会心提高2%。	0	9000	0	0		
4133	1	5	1	8561	《殷雷腿·雷走风切》秘诀断篇	会心提高3%。	0	12000	0	0		
4134	1	5	1	8561	《殷雷腿·雷走风切》秘诀绝章	会心提高4%。	0	15000	0			
4135	1	6	1	8560	《殷雷腿·雷走风切》参悟残页	伤害提高3%。	0	9000	0			
4136	1	6	1	8560	《殷雷腿·雷走风切》参悟断篇	伤害提高4%。	0	12000	0	0		
4137	1	6	1	8560	《殷雷腿·雷走风切》参悟绝章	伤害提高5%。	0	15000	0			
4138	1	8	1	8559	《殷雷腿·雷走风切》人偶图残页	卸除目标混元、阴性、阳性、毒性增益气劲各一个。	0	27000	0	0		
4139	1	8	1	8559	《殷雷腿·雷走风切》人偶图断篇	获得5%最大气血值的伤害吸收盾，期间移动速度提高10%，持续5秒。	0	27000	0	0		
4140	1	5	16601	8561	《秀明尘身·项王击鼎》秘诀残页	会心提高2%。	0	9000	0	0		
4141	1	5	16601	8561	《秀明尘身·项王击鼎》秘诀断篇	会心提高3%。	0	12000	0	0		
4142	1	5	16601	8561	《秀明尘身·项王击鼎》秘诀绝章	会心提高4%。	0	15000	0	0		
4143	1	6	16601	8560	《秀明尘身·项王击鼎》参悟残页	伤害提高3%。	0	9000	0	0		
4144	1	6	16601	8560	《秀明尘身·项王击鼎》参悟断篇	伤害提高4%。	0	12000	0	0		
4145	1	6	16601	8560	《秀明尘身·项王击鼎》参悟绝章	伤害提高5%。	0	15000	0	0		
4146	1	8	16601	8559	《秀明尘身·项王击鼎》人偶图残页	被旋转攻击命中的目标移动速度降低50%，持续1秒。	0	27000	0	0		
4147	1	8	16601	8559	《秀明尘身·项王击鼎》人偶图断篇	施展每段招式有30%几率回复5点狂意。	0	27000	0	0		
4148	1	5	16602	8561	《秀明尘身·破釜沉舟》秘诀残页	会心提高2%。	0	9000	0	0		
4149	1	5	16602	8561	《秀明尘身·破釜沉舟》秘诀断篇	会心提高3%。	0	12000	0	0		
4150	1	5	16602	8561	《秀明尘身·破釜沉舟》秘诀绝章	会心提高4%。	0	15000	0	0		5
4151	1	6	16602	8560	《秀明尘身·破釜沉舟》参悟残页	伤害提高3%。	0	2700	0	0		5
4152	1	6	16602	8560	《秀明尘身·破釜沉舟》参悟断篇	伤害提高4%。	0	12000	0	0		5
4153	1	6	16602	8560	《秀明尘身·破釜沉舟》参悟绝章	伤害提高5%。	0	15000	0	0		5
4154	1	8	16627	8559	《秀明尘身·上将军印》人偶图残页	命中目标时使自身受到伤害降低50%，持续5秒。	0	18300	0	0		
4155	1	12	16602	8558	《秀明尘身·破釜沉舟》真传残页	招式有效距离增加2尺。	0	27000	0	0		
4156	1	5	16304	8561	《松烟竹雾·碎江天》秘诀残页	会心提高2%。	0	9000	0	0		
4157	1	5	16304	8561	《松烟竹雾·碎江天》秘诀断篇	会心提高3%。	0	12000	0	0		
4158	1	5	16304	8561	《松烟竹雾·碎江天》秘诀绝章	会心提高4%。	0	15000	0	0		5
4159	1	6	16304	8560	《松烟竹雾·碎江天》参悟残页	伤害提高3%。	0	9000	0	0		5
4160	1	6	16304	8560	《松烟竹雾·碎江天》参悟断篇	伤害提高4%。	0	12000	0	0		5
4161	1	6	16304	8560	《松烟竹雾·碎江天》参悟绝章	伤害提高5%。	0	15000	0	0		5
4162	1	8	16304	8559	《松烟竹雾·碎江天》人偶图残页	受到技能会心攻击后有10%几率立刻获得一次反击效果。	0	27000	0	0		
4163	1	8	16304	8559	《松烟竹雾·碎江天》人偶图断篇	造成伤害的10%转化为自身气血。	0	27000	0	0		
4164	1	5	16027	8561	《雪絮金屏·刀啸风吟》秘诀残页	会心提高2%。	0	9000	0	0		
4165	1	5	16027	8561	《雪絮金屏·刀啸风吟》秘诀断篇	会心提高3%。	0	12000	0	0		5
4166	1	5	16027	8561	《雪絮金屏·刀啸风吟》秘诀绝章	会心提高4%。	0	15000	0	0		5
4167	1	6	16027	8560	《雪絮金屏·刀啸风吟》参悟断篇	伤害提高4%。	0	9000	0	0		5
4168	1	6	16027	8560	《雪絮金屏·刀啸风吟》参悟绝章	伤害提高5%。	0	12000	0	0		5
4169	1	8	16027	8559	《雪絮金屏·刀啸风吟》人偶图残页	招式命中目标有30%几率回复5点气劲。	0	27000	0	0		
4170	1	3	1	8562	《雪絮金屏·刀啸风吟》经脉图断篇	运功时间减少0.125秒。	0	27000	0	0		
4171	1	9	16027	8558	《雪絮金屏·刀啸风吟》真传残页	招式有效距离增加2尺。	0	27000	0	0		
4172	1	5	16085	8561	《雪絮金屏·醉斩白蛇》秘诀残页	会心提高2%。	0	9000	0	0		
4173	1	5	16085	8561	《雪絮金屏·醉斩白蛇》秘诀断篇	会心提高3%。	0	12000	0	0		
4174	1	5	16085	8561	《雪絮金屏·醉斩白蛇》秘诀绝章	会心提高4%。	0	15000	0	0		5
4175	1	6	16085	8560	《雪絮金屏·醉斩白蛇》参悟残页	伤害提高3%。	0	9000	0	0		5
4176	1	6	16085	8560	《雪絮金屏·醉斩白蛇》参悟断篇	伤害提高4%。	0	12000	0	0		5
4177	1	6	16085	8560	《雪絮金屏·醉斩白蛇》参悟绝章	伤害提高5%。	0	15000	0	0		5
4178	1	8	16085	8559	《雪絮金屏·醉斩白蛇》人偶图残页	效果期间自身移动速度提高20%。	0	27000	0	0		
4179	1	9	16085	8558	《雪絮金屏·醉斩白蛇》真传残页	招式有效距离增加2尺。	0	27000	0	0		
4180	1	5	16870	8561	《松烟竹雾·擒龙六斩》秘诀残页	会心提高2%。	0	9000	0	0		
4181	1	5	16870	8561	《松烟竹雾·擒龙六斩》秘诀断篇	会心提高3%。	0	12000	0	0		
4182	1	5	16870	8561	《松烟竹雾·擒龙六斩》秘诀绝章	会心提高4%。	0	15000	0	0		
4183	1	6	16870	8560	《松烟竹雾·擒龙六斩》参悟残页	伤害提高3%。	0	9000	0	0		
4184	1	6	16870	8560	《松烟竹雾·擒龙六斩》参悟断篇	伤害提高4%。	0	12000	0	0		5
4185	1	6	16870	8560	《松烟竹雾·擒龙六斩》参悟绝章	伤害提高5%。	0	15000	0	0		5
4186	1	8	16870	8559	《松烟竹雾·擒龙六斩》人偶图残页	施展后获得9点狂意。	0	27000	0	0		5
4187	1	8	16870	8559	《松烟竹雾·擒龙六斩》人偶图断篇	施展后获得9点气劲。	0	27000	0	0		5
4188	1	6	1	1862	《大辟易刀诀·碎江天》参悟断篇	伤害提高4%。	0	9300	0	0		
4189	1	6	1	1862	《大辟易刀诀·碎江天》参悟绝章	伤害提高5%。	0	9300	0	0		
4190	1	5	1	1891	《大辟易刀诀·碎江天》秘诀残页	会心提高2%。	0	9300	0	0		
4191	1	5	1	1861	《大辟易刀诀·碎江天》秘诀断篇	会心提高3%	0	9300	0	0		
4192	1	5	1	1861	《大辟易刀诀·碎江天》秘诀绝章	会心提高4%。	0	9300	0	0		
4193	1	6	1	1862	《大辟易刀诀·碎江天》参悟残页	伤害提高3%。	0	9300	0	0		
4194	1	6	1	1862	《大辟易刀诀·碎江天》参悟断篇	伤害提高4%。	0	9300	0	0		
4195	1	2	1	1862	《大辟易刀诀·碎江天》参悟绝章	伤害提高5%。	0	9300	0	0		
4196	1	14	1	6357	《大辟易刀诀·碎江天》注解残页	施展招式的刀魂消耗降低5点。	0	1200	0	0		
4197	1	14	1	6357	《大辟易刀诀·碎江天》注解断篇	施展招式的狂意消耗降低5点。	0	1200	0	0		
4198	1	14	1	6357	《大辟易刀诀·碎江天》注解残页	施展招式的刀魂消耗降低5点。	0	600	0	0		
4199	1	14	1	6357	《大辟易刀诀·碎江天》注解断篇	施展招式的狂意消耗降低5点。	0	600	0	0		
4200	1	14	1	6357	《大辟易刀诀·碎江天》注解残页	施展招式的刀魂消耗降低5点。		600	0	0		
4201	1	14	1	6357	《大辟易刀诀·碎江天》注解断篇	施展招式的狂意消耗降低5点。	0	600	0	0		
4202	1	10	1	1877	《大辟易刀诀·沉秋风》手抄残页	招式效果持续时间增加3秒。	0	600	0	0		
4203	1	10	1	1877	《大辟易刀诀·沉秋风》手抄残页	招式效果持续时间增加3秒。	0	600	0	0		
4204	1	10	1	1877	《大辟易刀诀·沉秋风》手抄残页	招式效果持续时间增加3秒。	0	600	0	0		
4205	1	8	1	6363	《大辟易刀诀·崩雪潮》人偶图残页	额外回复5点刀魂值。	0	600	0	0		
4206	1	8	1	6363	《大辟易刀诀·绝沧海》人偶图残页	额外回复5点狂意值。	0	600	0	0		
4207	1	3	1	1826	《大辟易刀诀·崩雪潮》经脉图残页	运功时间减少0.25秒。	0	1200	0			
4208	1	3	1	1826	《大辟易刀诀·绝沧海》经脉图残页	运功时间减少0.25秒。	0	1200	0	0		
4355	1	1	1	1846	《达摩武诀·无相诀》穴位图残页	调息时间减少10秒。	18164	12300	0	0		
4356	1	1	1	1846	《达摩武诀·无相诀》穴位图断篇	调息时间减少20秒。	18164	21000	0	0		
4357	1	2	1	1847	《达摩武诀·无相诀》注解残页	施展招式的消耗降低20%。	18164	6300	0	0		
4358	1	2	1	1847	《达摩武诀·无相诀》注解断篇	施展招式的消耗降低25%。	18164	6300	0	0		
4359	1	2	1	1847	《达摩武诀·无相诀》注解绝章	施展招式的消耗降低30%。	18164	6300	0	0		
4360	1	8	1	1853	《达摩武诀·无相诀》人偶图残页	额外附带5%额外减伤效果。	18164	21300	0	1		
4361	1	8	1	1853	《达摩武诀·无相诀》人偶图断篇	效果被卸除，每提前结束一秒，调息时间降低4秒。	18164	12900	0	2		
4362	1	10	1	1855	《达摩武诀·无相诀》手抄残页	招式附加效果持续时间增加1秒。	18164	22500	0	0		
4363	1	10	1	1855	《达摩武诀·无相诀》手抄断篇	招式附加效果持续时间增加1秒。	18164	23400	0	0		
4364	1	0	1	1835	测试11	11111	0	-60	0	0		
4371	1	5	16627	8561	《秀明尘身·上将军印》秘诀残页	会心提高2%。	0	6000	0	0		
4372	1	5	16627	8561	《秀明尘身·上将军印》秘诀断篇	会心提高3%。	0	8400	0	0		
4373	1	5	16627	8561	《秀明尘身·上将军印》秘诀绝章	会心提高4%。	0	10800	0	0		5
4374	1	6	16627	8560	《秀明尘身·上将军印》参悟残页	伤害提高2%。	0	6000	0	0		5
4375	1	6	16627	8560	《秀明尘身·上将军印》参悟断篇	伤害提高3%。	0	8400	0	0		5
4376	1	6	16627	8560	《秀明尘身·上将军印》参悟绝章	伤害提高4%。	0	10800	0	0		5
4410	1	6	18333	2561	《灵峰剑式·风来吴山》参悟残页	伤害提高2%。		2400	0			5
4411	1	6	18333	2561	《灵峰剑式·风来吴山》参悟断篇	伤害提高3%。	0	3000	0	0		5
4412	1	6	18333	2561	《灵峰剑式·风来吴山》参悟绝章	伤害提高4%。		4200	0			5
4413	1	8	18333	2563	《灵峰剑式·风来吴山》人偶图残页	招式附加目标减速效果，持续3秒。	0	14100	0	0		
4414	1	8	18333	2563	《灵峰剑式·风来吴山》人偶图断篇	招式附加自身加速效果，持续5秒。	0	11400	0	0		
4415	1	5	18333	2560	《灵峰剑式·风来吴山》秘诀残页	会心提高2%。	0	2400	0	0		4
4416	1	5	18333	2560	《灵峰剑式·风来吴山》秘诀断篇	会心提高3%。		2100	0			5
4420	1	6	1	7974	《音·徵》参悟残页	伤害提高3%。	0	8400	0	0		
4421	1	6	1	7974	《音·徵》参悟断篇	伤害提高4%。		12600	0			
4422	1	5	1	7973	《音·徵》秘诀残页	会心提高2%。		5100	0			
4423	1	5	1	7973	《音·徵》秘诀断篇	会心提高3%。		8400	0			
4424	1	5	1	7973	《音·徵》秘诀绝章	会心提高4%。		12600	0			
4425	1	9	1	7977	《音·徵》真传残页	招式有效距离增加2尺。		2700	0			
4426	1	16	1	7976	《音·徵》归元图残页	使目标无法施展轻功，持续2秒。		12600	0			
4427	1	16	1	7976	《音·徵》归元图断篇	使目标移动速度降低50%，持续2秒。		12600	0			
4428	1	8	1	7976	《音·徵》人偶图残页	疗伤成效提高3%。		8400	0			
4429	1	8	1	7976	《音·徵》人偶图断篇	疗伤成效提高4%。		12600	0			
4430	1	5	1	7973	《音·徵》秘诀残页	会心提高2%。		5100	0			
4431	1	5	1	7973	《音·徵》秘诀断篇	会心提高3%。		8400	0			
4432	1	5	1	7973	《音·徵》秘诀绝章	会心提高4%。		12600	0			
4433	1	9	1	7977	《音·徵》真传残页	招式有效距离增加2尺。		2700	0			
4434	1	13	1	7976	《音·徵》真髓图残页	使目标移动速度提高20%，持续2秒。		5100	0			
4435	1	3	1	7971	《音·宫》经脉图残页	运功时间减少0.125秒。		23700	0			
4436	1	3	1	7971	《音·宫》经脉图断篇	运功时间减少0.125秒。		23700	0			
4437	1	9	1	7977	《音·宫》真传残页	招式有效距离增加2尺。		2700	0			
4438	1	6	1	7974	《音·宫》参悟残页	伤害提高3%。		8400	0			
4439	1	6	1	7974	《音·宫》参悟断篇	伤害提高4%。		12600	0			
4440	1	5	1	7973	《音·宫》秘诀残页	会心提高2%。		5100	0			
4441	1	5	1	7973	《音·宫》秘诀断篇	会心提高3%。		8400	0			
4442	1	5	1	7973	《音·宫》秘诀绝章	会心提高4%。		12600	0			
4443	1	3	1	7971	《音·宫》经脉图残页	运功时间减少0.125秒。		23700	0			
4444	1	3	1	7971	《音·宫》经脉图断篇	运功时间减少0.125秒。		23700	0			
4445	1	9	1	7977	《音·宫》真传残页	招式有效距离增加2尺。		2700	0			
4446	1	8	1	7976	《音·宫》人偶图残页	疗伤成效提高3%。		8400	0			
4447	1	8	1	7976	《音·宫》人偶图断篇	疗伤成效提高4%。		12600	0			
4448	1	5	1	7973	《音·宫》秘诀残页	会心提高2%。		5100	0			
4450	1	5	1	7973	《音·宫》秘诀断篇	会心提高3%。		8400	0			
4451	1	5	1	7973	《音·宫》秘诀绝章	会心提高4%。		12600	0			
4518	1	7	558	1841	《西河剑器·雷霆震怒》详解残页	命中提高1%。	0	3900	0	0		
4519	1	7	558	1841	《西河剑器·雷霆震怒》详解断篇	命中提高2%。	0	8400	0	0		
4520	1	7	558	1841	《西河剑器·雷霆震怒》详解绝章	命中提高3%。	0	13200	0	0		
4522	1	6	1	1829	《北冥剑气·万世不竭》参悟残页	伤害提高3%。		31200	0			
4523	1	6	1	1829	《北冥剑气·万世不竭》参悟断篇	伤害提高4%。		34800	0			
4524	1	6	1	1829	《北冥剑气·万世不竭》参悟绝章	伤害提高5%。		37200	0			
4525	1	7	1	1830	《北冥剑气·万世不竭》详解残页	命中提高2%。		26400	0			
4526	1	2	1	1825	《北冥剑气·万世不竭》注解残页	施展招式的消耗降低5%。		24600	0			
4527	1	2	1	1825	《北冥剑气·万世不竭》注解断篇	施展招式的消耗降低10%。		27000	0			
4530	1	7	183	1874	《点穴截脉·厥阴指》详解残页	命中提高1%。	0	3900	0	0		
4531	1	7	183	1874	《点穴截脉·厥阴指》详解断篇	命中提高2%。	0	8400	0	0		
4532	1	7	183	1874	《点穴截脉·厥阴指》详解绝章	命中提高3%。	0	13200	0	0		
4590	1	1	1	4734	《降龙掌·亢龙有悔》秘诀残页	会心提高3%。		9000	0	0		
4591	1	5	1	4734	《降龙掌·亢龙有悔》秘诀断篇	会心提高4%。	1	11700	0	0		
4592	1	6	1	4738	《降龙掌·亢龙有悔》参悟残页	伤害提高3%。	1	10200	0	0		
4593	1	6	1	4738	《降龙掌·亢龙有悔》参悟断篇	伤害提高4%。	1	11400	0	0		
4594	1	6	1	4738	《降龙掌·亢龙有悔》参悟绝章	伤害提高5%。	1	14400	0	0		
4595	1	8	1	4740	《降龙掌·亢龙有悔》人偶图残页	施展后使自身所有防御提高5%，持续5秒。	1	22200	0	0		
4596	1	8	1	4740	《降龙掌·亢龙有悔》人偶图断篇	施展后使自身的外功攻击提高20%，持续8秒。	1	23400	0	0		
4642	1	6	569	1840	《霓裳羽衣·王母挥袂》参悟残页	疗伤成效提高2%。	0	8400	0	0		
4643	1	6	569	1840	《霓裳羽衣·王母挥袂》参悟断篇	疗伤成效提高3%。	0	10200	0	0		5
4644	1	6	569	1840	《霓裳羽衣·王母挥袂》参悟绝章	疗伤成效提高4%。	0	13200	0	0		5
4645	1	5	569	1839	《霓裳羽衣·王母挥袂》秘诀残页	会心提高2%。		8400	0			
4646	1	5	569	1839	《霓裳羽衣·王母挥袂》秘诀断篇	会心提高3%。	0	10200	0	0		5
4647	1	5	569	1839	《霓裳羽衣·王母挥袂》秘诀绝章	会心提高4%。	0	13200	0	0		5
4648	1	8	569	1842	《霓裳羽衣·王母挥袂》人偶图断篇	平摊目标和自身受到的伤害和治疗成效，且双方被治疗成效提高10%，持续4秒，此效果只可作用于团队目标。	0	43200	0	0		
4690	1	8	0	1875	《太素九针·提针》人偶图绝章	施展三次“提针”后，下两个“长针”或“彼针”无需运功，该效果每20秒触发1次。	0	18300	0	0		
4714	1	5	19737	10923	《风起云扬诀·击水三千》秘诀残页	会心提高2%。		4200	0			
4715	1	5	19737	10923	《风起云扬诀·击水三千》秘诀断篇	会心提高3%。		7500	0			
4716	1	5	19737	10923	《风起云扬诀·击水三千》秘诀绝章	会心提高4%。	0	11700	0	0		5
4717	1	6	19737	10924	《风起云扬诀·击水三千》参悟残页	伤害提高3%。	0	11700	0	0		5
4718	1	6	19737	10924	《风起云扬诀·击水三千》参悟断篇	伤害提高4%。	0	16200	0	0		5
4719	1	6	19737	10924	《风起云扬诀·击水三千》参悟绝章	伤害提高5%。	0	21000	0	0		5
4720	1	12	19737	10926	《风起云扬诀·击水三千》真传残页	招式有效距离增加2尺。	0	26400	0	0		
4726	1	5	19818	10923	《风起云扬诀·木落雁归》秘诀残页	会心提高2%。	0	7500	0	0		
4727	1	5	19818	10923	《风起云扬诀·木落雁归》秘诀断篇	会心提高3%。		11700	0			
4728	1	5	19818	10923	《风起云扬诀·木落雁归》秘诀绝章	会心提高4%。	0	16200	0	0		5
4729	1	6	19818	10924	《风起云扬诀·木落雁归》参悟残页	伤害提高3%。	0	16200	0	0		5
4730	1	6	19818	10924	《风起云扬诀·木落雁归》参悟断篇	伤害提高4%。		21000	0			5
4731	1	6	19818	10924	《风起云扬诀·木落雁归》参悟绝章	伤害提高5%。		26400	0			5
4732	1	8	19818	10925	《风起云扬诀·木落雁归》人偶图残页	卸除目标混元、阴性、阳性、毒性增益气劲各一个。		44400	0			
4733	1	1	20245	10920	《风起云扬诀·定波砥澜》穴位图残页	调息时间降低1秒。		4200	0	0		
4734	1	1	20245	10920	《风起云扬诀·定波砥澜》穴位图断篇	调息时间降低2秒。		7500	0			
4735	1	2	1	10921	《风起云扬诀·定波砥澜》注解残页	施展招式的消耗降低5%。		1500	0			
4736	1	2	1	10921	《风起云扬诀·定波砥澜》注解断篇	施展招式的消耗降低10%。		1500	0			
4737	1	2	1	10921	《风起云扬诀·定波砥澜》注解绝章	施展招式的消耗降低15%。	0	1500	0	0		
4738	1	8	20245	10925	《风起云扬诀·定波砥澜》人偶图残页	受攻击成功反击后，每秒恢复自身2%气血最大值，持续5秒。		11700	0			
4739	1	5	19827	10923	《长空破云式·翼绝云天》秘诀残页	会心提高2%。	0	7500	0	0		
4740	1	5	19827	10923	《长空破云式·翼绝云天》秘诀断篇	会心提高3%。	0	11700	0	0		
4741	1	5	19827	10923	《长空破云式·翼绝云天》秘诀绝章	会心提高4%。	0	16200	0	0		5
4742	1	6	19827	10924	《长空破云式·翼绝云天》参悟残页	伤害提高3%。	0	16200	0	0		5
4743	1	6	19827	10924	《长空破云式·翼绝云天》参悟断篇	伤害提高4%。	0	21000	0	0		5
4744	1	6	19827	10924	《长空破云式·翼绝云天》参悟绝章	伤害提高5%。	0	26400	0	0		5
4745	1	8	19827	10925	《长空破云式·翼绝云天》人偶图残页	施展时使目标命中几率降低30%，持续2秒。		38100	0			
4746	1	5	20259	10923	《长空破云式·振翅图南》秘诀残页	会心提高2%。	0	7500	0	0		
4747	1	5	20259	10923	《长空破云式·振翅图南》秘诀断篇	会心提高3%。	0	11700	0	0		
4748	1	5	20259	10923	《长空破云式·振翅图南》秘诀绝章	会心提高4%。	0	16200	0	0		5
4749	1	6	20259	10924	《长空破云式·振翅图南》参悟残页	伤害提高3%。	0	16200	0	0		
4750	1	6	20259	10924	《长空破云式·振翅图南》参悟断篇	伤害提高4%。	0	21000	0	0		5
4751	1	6	20259	10924	《长空破云式·振翅图南》参悟绝章	伤害提高5%。		26400	0			5
4752	1	8	20259	10925	《长空破云式·振翅图南》人偶图残页	施展招式自身移动速度提高20%，持续5秒。		21000	0			
4753	1	1	20053	10920	《九霄踏云步·跃潮斩波》穴位图残页	调息时间降低1秒。	0	7500	0	0		5
4754	1	1	20053	10920	《九霄踏云步·跃潮斩波》穴位图断篇	调息时间降低2秒。	0	11700	0	0		5
4755	1	2	1	10921	《九霄踏云步·跃潮斩波》注解残页	施展招式的消耗降低5%	0	1500	0	0		
4756	1	2	1	10921	《九霄踏云步·跃潮斩波》注解断篇	施展招式的消耗降低10%。	0	1500	0	0		
4757	1	2	1	10921	《九霄踏云步·跃潮斩波》注解绝章	施展招式的消耗降低15%。	0	1500	0	0		5
4758	1	8	20053	10925	《九霄踏云步·跃潮斩波》人偶图残页	使目标无法施展轻功持续3秒。	0	44400	0	0		5
4763	1	8	138	1875	《太素九针·提针》人偶图绝章	施展三次“提针”后，恢复10点墨意。	0	23400	0	0		5
4770	1	6	1	1873	《百花拂穴手·玉石俱焚》参悟残页	伤害提高10%。		3600	0			
4770	2	6	1	1873	《百花拂穴手·玉石俱焚》参悟断篇	伤害提高15%。		4800	0			
4770	3	0	0	0	测试	测试	0	-60	0	0		
4771	1	6	1	1873	《百花拂穴手·玉石俱焚》参悟绝章	伤害提高20%。		6000	0			
4773	1	9	1	1876	《百花拂穴手·玉石俱焚》真传残页	招式的有效距离增加1尺。		7200	0			
4774	1	9	1	1876	《百花拂穴手·玉石俱焚》真传断篇	招式的有效距离增加1尺。		8400	0			
4775	1	8	1	1875	《百花拂穴手·玉石俱焚》人偶图残页	每吞噬一个持续伤害效果，有35%的几率使目标定身，持续4秒。		19200	0			
4776	1	6	1	1873	《百花拂穴手·玉石俱焚》参悟断篇	伤害提高15%。		4800	0			
4777	1	6	1	1873	《百花拂穴手·玉石俱焚》参悟绝章	伤害提高20%。		7200	0			
4778	1		0						0			
4781	1	2	5262	4734	《降龙掌·龙跃于渊》注解残页	施展不消耗内力。		19200	0			5
4792	1	6	20715	10924	《碧海缥缈掌·海运南冥》参悟残页	伤害提高2%。	0	7500	0	0		
4793	1	6	20715	10924	《碧海缥缈掌·海运南冥》参悟断篇	伤害提高3%。	0	11700	0	0		5
4794	1	6	20715	10924	《碧海缥缈掌·海运南冥》参悟绝章	伤害提高4%。	0	16200	0	0		5
4795	1	5	20715	10923	《碧海缥缈掌·海运南冥》秘诀残页	会心提高2%。	0	16200	0	0		
4796	1	5	20715	10923	《碧海缥缈掌·海运南冥》秘诀断篇	会心提高3%。	0	21000	0	0		5
4797	1	5	20715	10923	《碧海缥缈掌·海运南冥》秘诀绝章	会心提高4%。	0	26400	0	0		5
4798	1	2	1	10921	《碧海缥缈掌·海运南冥》注解残页	施展招式的消耗降低5%。	0	1500	0	0		
4799	1	2	1	10921	《碧海缥缈掌·海运南冥》注解断篇	施展招式的消耗降低10%。	0	1500	0	0		
4800	1	2	1	10921	《碧海缥缈掌·海运南冥》注解绝章	施展招式的消耗降低15%。	0	1500	0	0		
4801	1	1	1	10920	《长空破云式·驭羽骋风》穴位图残页	调息时间降低1秒。	0	7500	0	0		
4802	1	1	1	10920	《长空破云式·驭羽骋风》穴位图断篇	调息时间降低2秒。	0	11700	0	0		
4803	1	8	19984	10925	《长空破云式·驭羽骋风》人偶图残页	免疫招式控制，持续4秒。		44400	0	0		
4804	1	8	19984	10925	《长空破云式·驭羽骋风》人偶图断篇	受到的伤害降低30%，持续4秒。		26400	0	0		
4805	1	2	1	10921	《长空破云式·驭羽骋风》注解残页	施展招式的消耗降低5%。		1500	0			
4806	1	2	1	10921	《长空破云式·驭羽骋风》注解断篇	施展招式的消耗降低10%。	0	1500	0	0		
4807	1	2	1	10921	《长空破云式·驭羽骋风》注解绝章	施展招式的消耗降低15%。	0	1500	0	0		
4808	1	12	20049	10926	《九霄踏云步·物化天行》真传残页	招式的有效距离增加2尺。	0	26400	0	0		
4809	1	12	20049	10926	《九霄踏云步·物化天行》真传断篇	招式的有效距离增加3尺。	0	26400	0	0		5
4810	1	2	1	10921	《九霄踏云步·物化天行》注解残页	施展招式的消耗降低5%。	0	1500	0	0		
4811	1	2	1	10921	《九霄踏云步·物化天行》注解断篇	施展招式的消耗降低10%。	0	1500	0	0		
4812	1	2	1	10921	《九霄踏云步·物化天行》注解绝章	施展招式的消耗降低15%。	0	1500	0	0		
4813	1	8	19828	10925	《九霄踏云步·浮游天地》人偶图断篇	撑伞跃起及浮空状态下，受到的伤害降低15%。	0	44400	0	0		5
4871	1	8	20049	10925	《九霄踏云步·物化天行》人偶图断篇	自身荡至目标点位置时会滞留并免控1秒。	0	7500	0	0		5
4891	1	8	20049	10925	《九霄踏云步·物化天行》人偶图绝章	释放后二段招式会回到释放位置。		10800	0			5
4903	1	8	186	1875	《百花拂穴手·芙蓉并蒂》人偶图残页	命中目标后刷新目标身上所有属于自身的持续伤害效果并使其会心几率提高15%。	0	18300	0	0		
4904	1	5	186	1872	《百花拂穴手·芙蓉并蒂》秘诀残页	会心提高2%。	0	6900	0	0		
4905	1	5	186	1872	《百花拂穴手·芙蓉并蒂》秘诀断篇	会心提高3%。		7500	0			
4906	1	5	186	1872	《百花拂穴手·芙蓉并蒂》秘诀绝章	会心提高4%。	0	9300	0	0		
4907	1	6	186	1873	《百花拂穴手·芙蓉并蒂》参悟残页	伤害提高3%。		8100	0			
4908	1	6	186	1873	《百花拂穴手·芙蓉并蒂》参悟断篇	伤害提高4%。		9300	0			
4909	1	6	186	1873	《百花拂穴手·芙蓉并蒂》参悟绝章	伤害提高5%。		10500	0			
4939	1	8	20259	10925	《长空破云式·振翅图南》人偶图断篇	“振翅图南”会跟踪敌对目标。	0	10800	0	0		5
4983	1	5	22143	12123	《断水刃·星垂平野》秘诀残页	会心提高2%。	0	9000	0	0		
4984	1	5	22143	12123	《断水刃·星垂平野》秘诀断篇	会心提高3%。		13200	0			
4985	1	5	22143	12123	《断水刃·星垂平野》秘诀绝章	会心提高4%。		17700	0			5
4986	1	6	22143	12124	《断水刃·星垂平野》参悟残页	伤害提高3%。		17700	0			5
4987	1	6	22143	12124	《断水刃·星垂平野》参悟断篇	伤害提高4%。		22200	0			5
4988	1	6	22143	12124	《断水刃·星垂平野》参悟绝章	伤害提高5%。		26700	0			5
4989	1	2	1	12121	《断水刃·星垂平野》注解残页	施展招式的消耗降低5%。		4500	0			
4990	1	2	1	12121	《断水刃·星垂平野》注解断篇	施展招式的消耗降低10%。		4500	0			
4991	1	2	1	12121	《断水刃·星垂平野》注解绝章	施展招式的消耗降低15%。		4500	0			
4992	1	1	22144	12120	《断水刃·金戈回澜》穴位图残页	调息时间降低1秒。		17700	0			
4993	1	1	22144	12120	《断水刃·金戈回澜》穴位图断篇	调息时间降低1秒。		17700	0			3
4994	1	5	22144	12123	《断水刃·金戈回澜》秘诀残页	会心提高3%。		13200	0			5
4995	1	5	22144	12123	《断水刃·金戈回澜》秘诀断篇	会心提高4%。		17700	0			5
4996	1	6	22144	12124	《断水刃·金戈回澜》参悟残页	伤害提高4%。		22200	0			5
4997	1	6	22144	12124	《断水刃·金戈回澜》参悟断篇	伤害提高5%。		26700	0	5		
4998	1	8	1	12125	《断水刃·金戈回澜》人偶图残页	若会心，则使自身获得的护盾可额外化解自身最大气血值4%的伤害。		44400	0			
4999	1	1	22320	12120	《隐雷鞭·乱天狼》穴位图残页	调息时间降低1秒。		17700	0			5
5000	1	1	22320	12120	《隐雷鞭·乱天狼》穴位图断篇	调息时间降低2秒。		22200	0			5
5001	1	6	22320	12124	《隐雷鞭·乱天狼》参悟残页	伤害提高4%。		22200	0			5
5002	1	6	22320	12124	《隐雷鞭·乱天狼》参悟断篇	伤害提高5%。		26700	0			5
5003	1	8	22320	12125	《隐雷鞭·乱天狼》人偶图残页	招式施展期间自身移动速度提高10%。		26700	0			
5004	1	6	22327	12124	《隐雷鞭·寂洪荒》参悟残页	伤害提高3%。		17700	0			5
5005	1	6	22327	12124	《隐雷鞭·寂洪荒》参悟断篇	伤害提高4%。		22200	0			5
5006	1	6	22327	12124	《隐雷鞭·寂洪荒》参悟绝章	伤害提高5%。		26700	0			5
5007	1	8	1	12125	《隐雷鞭·寂洪荒》人偶图残页	命中被自身链接的目标使目标无法施展轻功，持续1.5秒。	0	44400	0	0		5
5008	1	1	22358	12120	《隐雷鞭·斩无常》穴位图残页	调息时间降低1秒。		17700	0			
5009	1	1	22358	12120	《隐雷鞭·斩无常》穴位图断篇	调息时间降低2秒。		22200	0			
5010	1	6	22358	12124	《隐雷鞭·斩无常》参悟残页	伤害提高4%。		22200	0			
5011	1	6	22358	12124	《隐雷鞭·斩无常》参悟断篇	伤害提高5%。		26700	0			
5012	1	8	22358	12125	《隐雷鞭·斩无常》人偶图残页	自身每次格挡远程弹道技能将回复自身2%气血最大值。		44400	0			
5013	1	1	22274	12120	《冲云链·血覆黄泉》穴位图残页	调息时间降低1秒。		17700	0			5
5014	1	1	22274	12120	《冲云链·血覆黄泉》穴位图断篇	调息时间降低1秒。		17700	0			5
5015	1	2	1	12121	《冲云链·血覆黄泉》注解残页	施展招式的消耗降低5%。		4500	0			
5016	1	2	1	12121	《冲云链·血覆黄泉》注解断篇	施展招式的消耗降低10%。		4500	0			
5017	1	2	1	12121	《冲云链·血覆黄泉》注解绝章	施展招式的消耗降低15%。		4500	0			
5018	1	5	22361	12123	《冲云链·幽冥窥月》秘诀残页	会心提高2%。		9000	0			4
5019	1	5	22361	12123	《冲云链·幽冥窥月》秘诀断篇	会心提高3%。		13200	0	5		5
5020	1	2	1	12121	《冲云链·幽冥窥月》注解残页	施展招式的消耗降低5%。		4500	0			
5021	1	2	1	12121	《冲云链·幽冥窥月》注解断篇	施展招式的消耗降低10%。		4500	0			
5022	1	8	22361	12125	《冲云链·幽冥窥月》人偶图残页	施展后自身受到伤害降低20%，持续6秒。		44400	0			5
5023	1	1	22417	12120	《山河令·十方玄机》穴位图残页	调息时间降低5秒。		22200	0			
5024	1	1	22417	12120	《山河令·十方玄机》穴位图断篇	调息时间降低5秒。		22200	0			
5025	1	2	1	12121	《山河令·十方玄机》注解残页	施展招式的消耗降低5%。		4500	0			
5026	1	2	1	12121	《山河令·十方玄机》注解断篇	施展招式的消耗降低10%。		4500	0			
5027	1	8	22417	12125	《山河令·十方玄机》人偶图残页	当周围30尺敌对玩家人数大于等于6人时，释放“十方玄机”返还40%的调息时间。		31200	0			
5028	1	2	1	12121	《隐雷鞭·寂洪荒》注解残页	施展招式的消耗降低5%。		4500	0			
5029	1	2	1	12121	《隐雷鞭·寂洪荒》注解断篇	施展招式的消耗降低10%。		4500	0			
5030	1	2	1	12121	《隐雷鞭·寂洪荒》注解绝章	施展招式的消耗降低15%。		4500	0			
5044	1	5	22320	12123	《隐雷鞭·乱天狼》秘诀残页	会心提高3%。		13200	0			
5045	1	5	22320	12123	《隐雷鞭·乱天狼》秘诀断篇	会心提高4%。		17700	0			
5046	1	5	22358	12123	《隐雷鞭·斩无常》秘诀残页	会心提高3%。		13200	0			
5047	1	5	22358	12123	《隐雷鞭·斩无常》秘诀断篇	会心提高4%。		17700	0			
5048	1	9	22274	12126	《冲云链·血覆黄泉》真传残页	招式的有效距离增加1尺。		17700	0			5
5049	1	9	22274	12126	《冲云链·血覆黄泉》真传断篇	招式的有效距离增加1尺。		17700	0			5
5050	1	6	22361	12124	《冲云链·幽冥窥月》参悟残页	伤害提高5%。		22200	0			5
5051	1	6	22361	12124	《冲云链·幽冥窥月》参悟断篇	伤害提高5%。		22200	0			5
5052	1	9	22417	12126	《山河令·十方玄机》真传残页	招式的有效距离增加3尺。		17700	0			
5053	1	9	22417	12126	《山河令·十方玄机》真传断篇	招式的有效距离增加5尺。		17700	0			
5063	1	5	22321	12123	《隐雷鞭·隐风雷》秘诀残页	会心提高2%。	0	9000	0	0		
5064	1	5	22321	12123	《隐雷鞭·隐风雷》秘诀断篇	会心提高3%。		13200	0			
5065	1	5	22321	12123	《隐雷鞭·隐风雷》秘诀绝章	会心提高4%。		17700	0			5
5066	1	2	1	12121	《隐雷鞭·隐风雷》注解残页	施展招式的消耗降低5%。		4500	0			
5067	1	2	1	12121	《隐雷鞭·隐风雷》注解断篇	施展招式的消耗降低10%。		4500	0			
5068	1	2	1	12121	《隐雷鞭·隐风雷》注解绝章	施展招式的消耗降低15%。		4500	0			
5069	1	6	22321	12124	《隐雷鞭·隐风雷》参悟残页	伤害提高3%。		17700	0			5
5070	1	6	22321	12124	《隐雷鞭·隐风雷》参悟断篇	伤害提高4%。		22200	0			5
5071	1	6	22321	12124	《隐雷鞭·隐风雷》参悟绝章	伤害提高5%。		26700	0			5
5072	1	1	1	12120	《冲云链·孤风飒踏》穴位图残页	调息时间降低1秒。		22200	0			
5073	1	1	1	12120	《冲云链·孤风飒踏》穴位图断篇	调息时间降低2秒。		26700	0			
5074	1	1	1	12120	《冲云链·孤风飒踏》穴位图绝章	调息时间降低3秒。		35400	0			
5075	1	2	1	12121	《冲云链·孤风飒踏》注解残页	施展招式的消耗降低5%。		4500	0			
5076	1	2	1	12121	《冲云链·孤风飒踏》注解断篇	施展招式的消耗降低10%。		4500	0			
5077	1	2	1	12121	《冲云链·孤风飒踏》注解绝章	施展招式的消耗降低15%。		4500	0			
5078	1	8	22614	12125	《冲云链·孤风飒踏》人偶图残页	施展后自身受到伤害降低20%，持续4秒。		44400	0			
5080	1	8	22417	12125	《山河令·十方玄机》人偶图断篇	每秒回复自身3%气血最大值。		44400	0			
5081	1	2	1	1825	《纯阳诀·吞日月》注解残页	施展招式的消耗降低10%。		6000	0	1		
5082	1	2	1	1825	《纯阳诀·吞日月》注解断篇	施展招式的消耗降低15%。		8100	0	2		
5083	1	2	1	1825	《纯阳诀·吞日月》注解绝章	施展招式的消耗降低20%。		9000	0	3		
5084	1	8	363	1831	《纯阳诀·吞日月》人偶图残页	每8秒卸除团队成员身上的阳性、阴性、混元性和毒性不利效果各一个以及敌人身上阳性、阴性、混元性和毒性有益气劲各一个。		20100	0	1		
5085	1	8	22417	12125	《山河令·十方玄机》人偶图绝章	无需运功，持续5秒，调息时间为80秒。		44400	0			
5126	1	8	1	1875	《点穴截脉·商阳指》人偶图绝章	每累计3跳使下一个“阳明指”无需运功，持续30秒，可叠加3层。		7200	0			
5130	1	8	358	1831	《纯阳诀·生太极》人偶图残页	若当前已经存在自身“生太极”气场，则施展招式时返还2秒调息时间。		20100	0	1		5
5134	1	8	423	1864	《奔雷枪术·灭》人偶图残页	施展距离提高到25尺，施展时解除自身锁足减速不利效果并冲向目标。		22200	0	1		
5144	1	8	3096	3161	《百步穿杨·追命箭》人偶图断篇	“追命无声”状态下施展伤害提高20%。		23400	0			5
5148	1	8	2611	1864	《羽林枪法·霹雳》人偶图残页	获得2点战意。		24900	0			
5165	1	5	24369	8561	《九字诀·三星临》秘诀残页	会心提高2%。	0	2700	0	0		
5199	1	5	0	0	神行会家园无视神行调息时间	如果神行千里的目标是家园场景，则无视该技能是否在调息中。	0	-60	0	0		
5206	1	8	3967	3858	《日月净世·净世破魔击》人偶图绝章	消耗满月施展获得20点月魂。	0	31200	0	0		5
5207	1	8	3966	3858	《日月净世·生死劫》人偶图断篇	“生死劫·日”使目标受到治疗效果降低30%，持续12秒。		44400	0			5
5240	1	5	24369	8561	《九字诀·三星临》秘诀断篇	会心提高3%。		13500	0			5
5241	1	6	24369	8560	《九字诀·三星临》参悟残页	伤害和疗伤成效提高3%。	0	2700	0	0		
5242	1	6	24369	8560	《九字诀·三星临》参悟断篇	伤害和疗伤成效提高4%。		24000	0			5
5243	1	9	24369	8558	《九字诀·三星临》真传残页	招式有效距离增加2尺。		24000	0			
5244	1	5	24371	8561	《九字诀·兵主逆》秘诀断篇	会心提高3%。		13500	0			5
5245	1	5	24371	8561	《九字诀·兵主逆》秘诀绝章	会心提高4%。		18300	0			5
5246	1	6	24371	8560	《九字诀·兵主逆》参悟断篇	伤害和疗伤成效提高4%。	0	24000	0	2		5
5247	1	6	24371	8560	《九字诀·兵主逆》参悟绝章	伤害和疗伤成效提高5%。		30300	0	3		5
5248	1	9	24371	8558	《九字诀·兵主逆》真传残页	招式有效距离增加2尺。		24000	0			
5249	1	8	24369	8559	《九字诀·三星临》人偶图残页	命中目标有15%几率使下一个“天斗旋”无需运功，持续10秒。		37200	0			
5250	1	5	24372	8561	《九字诀·天斗旋》秘诀残页	会心提高2%。		9300	0			
5251	1	5	24372	8561	《九字诀·天斗旋》秘诀断篇	会心提高3%。		13500	0			
5252	1	5	24372	8561	《九字诀·天斗旋》秘诀绝章	会心提高4%。		18300	0			5
5253	1	1	24372	12120	《九字诀·天斗旋》穴位图残页	调息时间减少1秒。		30300	0			5
5254	1	14	1	6357	《占术·起卦》注解残页	施展招式的消耗降低20%。		900	0			
5255	1	14	1	6357	《占术·起卦》注解断篇	施展招式的消耗降低25%。		2700	0			
5256	1	14	1	6357	《占术·起卦》注解绝章	施展招式的消耗降低30%。		5700	0			5
5257	1	1	24375	12120	《占术·起卦》穴位图残页	调息时间减少2秒。	0	24000	0	0		5
5258	1	1	24375	12120	《占术·起卦》穴位图断篇	调息时间减少3秒。		30300	0			5
5259	1	8	24375	8559	《占术·起卦》人偶图残页	获得可化解最大气血值25%的护盾，持续6秒。	0	44400	0	0		5
5260	1	1	1	12120	《奇门·返闭惊魂》穴位图残页	调息时间降低3秒。		24000	0			5
5261	1	1	1	12120	《奇门·返闭惊魂》穴位图断篇	调息时间降低4秒。		30300	0			5
5262	1	10	24380	1877	《奇门·返闭惊魂》手抄残页	招式效果持续时间增加2秒。		30300	0			
5263	1	14	1	6357	《奇门·返闭惊魂》注解残页	施展招式的消耗降低20%。		900	0			
5264	1	14	1	6357	《奇门·返闭惊魂》注解断篇	施展招式的消耗降低25%。		2700	0			5
5265	1	14	1	6357	《奇门·返闭惊魂》注解绝章	施展招式的消耗降低30%。	0	5700	0	0		5
5266	1	10	24383	1877	《天机·天人合一》手抄残页	招式效果持续时间增加5秒。		24000	0			
5267	1	10	24383	1877	《天机·天人合一》手抄断篇	招式效果持续时间增加5秒。		30300	0			
5268	1	1	24383	12120	《天机·天人合一》穴位图残页	调息时间减少5秒。		24000	0			
5269	1	1	24383	12120	《天机·天人合一》穴位图断篇	调息时间减少5秒。		30300	0			
5270	1	14	1	6357	《天机·天人合一》注解残页	施展招式的消耗降低25%。		13500	0			
5271	1	14	1	6357	《天机·天人合一》注解断篇	施展招式的消耗降低35%。		18300	0			
5272	1	5	24379	8561	《奇门·鬼星开穴》秘诀断篇	会心提高3%。		13500	0			
5273	1	5	24379	8561	《奇门·鬼星开穴》秘诀绝章	会心提高4%。		18300	0			5
5274	1	6	24379	8560	《奇门·鬼星开穴》参悟断篇	伤害提高4%。		24000	0			5
5275	1	6	24379	8560	《奇门·鬼星开穴》参悟绝章	伤害提高5%。		30300	0			5
5276	1	8	24379	8559	《奇门·鬼星开穴》人偶图残页	受到攻击的目标移动速度降低80%，持续6秒。		30300	0			
5277	1	9	24372	8558	《九字诀·天斗旋》真传残页	招式有效距离增加2尺。		30300	0			
5278	1	5	24369	8561	《九字诀·三星临》秘诀绝章	会心提高4%。		18300	0			5
5279	1	6	24369	8560	《九字诀·三星临》参悟绝章	伤害和疗伤成效提高5%。		30300	0			5
5280	1	6	24371	8560	《九字诀·兵主逆》参悟残页	伤害和疗伤成效提高3%。		18300	0	1		
5281	1	1	1	12120	《占术·变卦》穴位图残页	调息时间减少1秒。		18300	0			
5282	1	1	1	12120	《占术·变卦》穴位图断篇	调息时间减少2秒。		24000	0			
5283	1	1	1	12120	《占术·变卦》穴位图绝章	调息时间减少2秒。		30300	0			
5284	1	8	24491	8559	《占术·变卦》人偶图残页	星运消耗降低2点。		13500	0			5
5285	1	8	24491	8559	《占术·变卦》人偶图断篇	星运消耗降低3点。	0	18300	0	0		5
5286	1	8	24491	8559	《占术·变卦》人偶图绝章	星运消耗降低5点。		24000	0			5
5287	1	1	25142	12120	《天机·巨门北落》穴位图残页	调息时间减少1秒。		18300	0			
5288	1	1	25142	12120	《天机·巨门北落》穴位图断篇	调息时间减少2秒。		24000	0			
5289	1	1	25142	12120	《天机·巨门北落》穴位图绝章	调息时间减少4秒。		30300	0			
5290	1	8	25142	8559	《天机·巨门北落》人偶图残页	施展时恢复自身5%气血最大值。	0	30300	0	0		
5291	1	14	1	6357	《天机·巨门北落》注解残页	施展招式的消耗降低15%。		900	0			
5292	1	14	1	6357	《天机·巨门北落》注解断篇	施展招式的消耗降低20%。		2700	0			
5293	1	14	1	6357	《天机·巨门北落》注解绝章	施展招式的消耗降低25%。		5700	0			
5294	1	9	24378	8558	《奇门·奇门飞宫》真传残页	招式有效距离增加2尺。		24000	0			
5295	1	9	24378	8558	《奇门·奇门飞宫》真传断篇	招式有效距离增加3尺。	0	30300	0	0		5
5296	1	8	24378	8559	《奇门·奇门飞宫》人偶图残页	“灯魂”产生时立刻锁足该“灯魂”局中的5个目标，持续5秒。		5700	0			
5297	1	1	24378	12120	《奇门·奇门飞宫》穴位图残页	调息时间减少1秒。		24000	0			5
5298	1	1	24378	12120	《奇门·奇门飞宫》穴位图断篇	调息时间减少2秒。		30300	0			5
5299	1	6	24372	8560	《九字诀·天斗旋》参悟残页	伤害和疗伤成效提高3%。		18300	0			
5300	1	6	24372	8560	《九字诀·天斗旋》参悟断篇	伤害和疗伤成效提高4%。		24000	0			5
5301	1	6	24372	8560	《九字诀·天斗旋》参悟绝章	伤害和疗伤成效提高5%。		30300	0			5
5304	1	8	24380	8559	《奇门·返闭惊魂》人偶图残页	“连局”存在时则不再生成“灯魂”但使所有存在的“灯魂”持续时间延长10秒。		37200	0			
5394	1	5	35659	15635	《上弦星流术·劲风簇》秘诀残页	会心提高3%。	0	7200	0	0		5
5395	1	8	35695	15637	《万方携游·引风唤灵》人偶残页图	“防御型”偕行动物不再造成强仇效果。		36000	0			5
5396	1	1	1	15631	《山海同归契·澄神醒梦》穴位图残页	调息时间降低2秒。	0	14400	0	0		
5403	1	1	1	15631	《山海同归契·澄神醒梦》穴位图断篇	调息时间降低2秒。	0	14400	0	0		
5404	1	1	35683	15631	《山海同归契·应天授命》穴位图残页	调息时间降低5秒。	0	14400	0	0		
5405	1	1	35683	15631	《山海同归契·应天授命》穴位图断篇	调息时间降低5秒。	0	14400	0	0		
5406	1	8	35661	15637	《上弦星流术·饮羽簇》人偶残页图	施展后重置“白羽流星”调息时间。		36000	0			5
5407	1	5	35659	15635	《上弦星流术·劲风簇》秘诀断篇	会心提高4%。		10800	0			5
5408	1	6	35659	16326	《上弦星流术·劲风簇》参悟残页	伤害提高2%。		10800	0			5
5409	1	6	35659	16326	《上弦星流术·劲风簇》参悟断篇	伤害提高3%。	0	14400	0	0		5
5410	1	5	35660	15635	《上弦星流术·霖集簇》秘诀残页	会心提高3%。		10800	0			
5411	1	5	35660	15635	《上弦星流术·霖集簇》秘诀断篇	会心提高4%。		16200	0			
5412	1	6	35660	16326	《上弦星流术·霖集簇》参悟残页	伤害提高2%。		16200	0			
5413	1	6	35660	16326	《上弦星流术·霖集簇》参悟断篇	伤害提高3%。		21600	0			
5414	1	5	35661	15635	《上弦星流术·饮羽簇》秘诀残页	会心提高3%。		10800	0			
5415	1	5	35661	15635	《上弦星流术·饮羽簇》秘诀断篇	会心提高4%。		16200	0			5
5416	1	6	35661	16326	《上弦星流术·饮羽簇》参悟残页	伤害提高2%。		16200	0			
5417	1	6	35661	16326	《上弦星流术·饮羽簇》参悟断篇	伤害提高3%。		21600	0			
5418	1	1	35661	15631	《上弦星流术·饮羽簇》穴位图残页	调息时间降低1.5秒。		14400	0			5
5419	1	1	35661	15631	《上弦星流术·饮羽簇》穴位图断篇	调息时间降低1.5秒。	0	14400	0	0		5
5427	1	9	35659	1832	《上弦星流术·劲风簇》真传残页	招式的有效距离增加1尺。		18450	0			
5428	1	9	35659	1832	《上弦星流术·劲风簇》真传断篇	招式的有效距离增加1尺。	0	18450	0	0		
5429	1	8	1	1831	《上弦星流术·劲风簇》人偶残页图	对“霖集”效果目标造成伤害时， 回复1%内力值。	0	23400	0	0		
5430	1	5	35660	15635	《上弦星流术·霖集簇》秘诀绝章	会心提高5%。		16200	0			
5431	1	6	35660	16326	《上弦星流术·霖集簇》参悟绝章	伤害提高4%。	0	10800	0	0		
5432	1	1	35660	15631	《上弦星流术·霖集簇》穴位图残页	调息时间降低1秒。	0	21600	0	0		
5433	1	1	35660	15631	《上弦星流术·霖集簇》穴位图断篇	调息时间降低1秒。	0	21600	0	0		
5434	1	8	1	15637	《上弦星流术·饮羽簇》人偶图断篇	对“霖集”效果目标造成伤害时， 回复1%内力值。	0	36000	0	0		
5435	1	8	35681	1831	《山海同归契·汇灵合契》人偶图残页	每消耗一枚“唤灵印”获得一层承契。		35100	0			
5436	1	8	35681	1831	《山海同归契·汇灵合契》人偶图断篇	每消耗一枚“唤灵印”，持续期间获得最大生命值12%的伤害吸收盾。		35100	0			
5437	1	8	1	1831	《山海同归契·游雾乘云》人偶图残页	期间每秒回复6%损失内力值。		23400	0			
5440	1	2	1	15632	《山海同归契·汇灵合契》注解残页	施展招式的消耗降低15%。		10800	0			
5441	1	2	1	15632	《山海同归契·汇灵合契》注解断篇	施展招式的消耗降低20%。	0	10800	0	0		
5442	1	2	1	15632	《山海同归契·汇灵合契》注解绝章	施展招式的消耗降低25%。	0	10800	0	0		
5443	1	8	35660	1831	《上弦星流术·霖集簇》人偶图残页	对目标造成2秒锁足效果。		35100	0			
5444	1	2	1	15632	《山海同归契·澄神醒梦》注解残页	施展招式的消耗降低15%。	0	10800	0	0		
5445	1	2	1	15632	《山海同归契·澄神醒梦》注解断篇	施展招式的消耗降低20%。	0	10800	0	0		
5446	1	2	1	15632	《山海同归契·游雾乘云》注解残页	施展招式的消耗降低15%。		10800	0			
5447	1	2	1	15632	《山海同归契·游雾乘云》注解断篇	施展招式的消耗降低20%。		10800	0			
5448	1	1	35684	15631	《山海同归契·游雾乘云》穴位图残页	调息时间降低2秒。		21600	0			
5449	1	1	35684	15631	《山海同归契·游雾乘云》穴位图断篇	调息时间降低3秒。		21600	0			
5450	1	2	1	15632	《山海同归契·应天授命》注解残页	施展招式的消耗降低15%。		10800	0			
5451	1	2	1	15632	《山海同归契·应天授命》注解断篇	施展招式的消耗降低20%。		10800	0			
5452	1	8	35683	1831	《山海同归契·应天授命》人偶图残页	受攻击回复的已损生命值提高1%。		35100	0			
5453	1	2	1	15632	《山海同归契·澄神醒梦》注解绝章	施展招式的消耗降低25%。		10800	0			
5454	1	8	35695	15637	《万方携游·引风唤灵》人偶残断篇	回复5%最大气血值。		54000	0			
5455	1	1	35695	15631	《万方携游·引风唤灵》穴位图残页	调息时间降低1秒。	0	14400	0	0		5
5456	1	1	35695	15631	《万方携游·引风唤灵》穴位图断篇	调息时间降低1秒。	0	14400	0	0		5
5464	1	1	35695	15631	《万方携游·引风唤灵》穴位图绝章	调息时间降低1秒。	0	14400	0	0		5
5467	1	8	1	15637	《上弦星流术·饮羽簇》人偶图绝章	对非侠士目标造成伤害提高15%。	0	33400	0	0		5
5468	1	8	2628	1864	《奔雷枪术·渊》人偶图残页	冲刺至队友身边后不再为其承受伤害而是使其外功防御提高1150点，持续10秒。	0	2700	0	0		
5469	1	2	1	1858	《奔雷枪术·渊》注解残页	施展招式的消耗降低10%。		1200	0			
5470	1	2	1	1858	《奔雷枪术·渊》注解断篇	施展招式的消耗降低10%。		1200	0			
5471	1	2	1	1858	《奔雷枪术·渊》注解绝章	施展招式的消耗降低10%。		1200	0			
5473	1	1	14073	7969	《气·笑傲光阴》穴位图残页	调息时间减少3秒。	0	6600	0	0		5
5474	1	1	14073	7969	《气·笑傲光阴》穴位图断篇	调息时间减少3秒。	0	6600	0	0		5
5475	1	1	14073	7969	《气·笑傲光阴》穴位图绝章	调息时间减少4秒。	0	8800	0	0		5
5476	1	8	14073	7970	《气·笑傲光阴》人偶图绝章	音域内外的玩家不再无法相互施展技能。	0	12000	0	0		5
5547	1	8	24379	8559	《奇门·鬼星开穴》人偶图断篇	施展“鬼星开穴”后，10秒内下次“天斗旋”无需运功，直接施展	0	30300	0	0		5
5576	1	5	38006	15635	《一阳指·断脉》秘诀残页	会心提高2%。	0	9000	0	0		
5581	1	8	35669	1831	《飞镝应锋诀·寒更晓箭》人偶残页图	弓箭数量为0时不再自动释放。	0	18300	0	0		
5587	1	8	363	1831	《纯阳诀·吞日月》人偶图断篇	“吞日月”气场不再附带敌人无法施展轻功效果，自身位于“吞日月”中移动速度提高30%	0	20100	0	2		
5601	1	8	1	3161	《九宫飞星·暗藏杀机》人偶图残页	施展“鬼斧神工”15秒内施展招式“天女散花”会在非侠士目标脚下生成一枚“暗藏杀机”。	0	28800	0	0		5
5681	1	5	38006	15635	《一阳指·断脉》秘诀断篇	会心提高3%。		12000	0			
5682	1	5	38006	15635	《一阳指·断脉》秘诀绝章	会心提高4%。		15000	0			5
5683	1	6	38006	15635	《一阳指·断脉》参悟残页	伤害提高3%。	0	9000	0	0		5
5684	1	6	38006	15635	《一阳指·断脉》参悟断篇	伤害提高4%。		12000	0			5
5685	1	6	38006	15635	《一阳指·断脉》参悟绝章	伤害提高5%。		15000	0			5
5686	1	9	38006	15635	《一阳指·断脉》真传残页	招式的有效距离增加1尺。	0	6000	0	0		
5687	1	9	38006	15635	《一阳指·断脉》真传断篇	招式的有效距离增加1尺。	0	6000	0	0		
5688	1	5	38007	15635	《一阳指·截阳》秘诀残页	会心提高2%。		9000	0			
5689	1	5	38007	15635	《一阳指·截阳》秘诀断篇	会心提高3%。		12000	0			
5690	1	5	38007	15635	《一阳指·截阳》秘诀绝章	会心提高4%。		15000	0			5
5691	1	6	38007	15635	《一阳指·截阳》参悟残页	伤害提高3%。		9000	0			5
5692	1	6	38007	15635	《一阳指·截阳》参悟断篇	伤害提高4%。		12000	0			5
5693	1	6	38007	15635	《一阳指·截阳》参悟绝章	伤害提高5%。		15000	0			5
5694	1	9	38007	15635	《一阳指·截阳》真传残页	招式的有效距离增加1尺。		6000	0			
5695	1	9	38007	15635	《一阳指·截阳》真传断篇	招式的有效距离增加1尺。		6000	0			
5696	1	5	38008	15635	《一阳指·破穴》秘诀残页	会心提高2%。	0	9000	0	0		
5697	1	5	38008	15635	《一阳指·破穴》秘诀断篇	会心提高3%。		12000	0			
5698	1	6	38008	15635	《一阳指·破穴》参悟残页	伤害提高3%。		9000	0			5
5699	1	6	38008	15635	《一阳指·破穴》参悟断篇	伤害提高4%。		12000	0			5
5700	1	9	38008	15635	《一阳指·破穴》真传残页	招式的有效距离增加1尺。	0	6000	0	0		
5701	1	9	38008	15635	《一阳指·破穴》真传断篇	招式的有效距离增加1尺。	0	6000	0	0		
5702	1	5	38008	15635	《一阳指·破穴》秘诀绝章	会心提高4%。		15000	0			5
5703	1	6	38008	15635	《一阳指·破穴》参悟绝章	伤害提高5%。		15000	0			5
5704	1	5	38009	15635	《一阳指·引窍》秘诀残页	会心提高3%。		9000	0			
5705	1	5	38009	15635	《一阳指·引窍》秘诀断篇	会心提高4%。	0	12000	0	0		
5706	1	6	38009	15635	《一阳指·引窍》参悟残页	伤害提高4%。		9000	0			5
5707	1	6	38009	15635	《一阳指·引窍》参悟断篇	伤害提高5%。		12000	0			5
5708	1	1	1	15635	《一阳指·引窍》穴位图残页	调息时间降低1秒。		14400	0			5
5709	1	1	1	15635	《一阳指·引窍》穴位图断篇	调息时间降低1秒。		14400	0			5
5710	1	1	37781	15635	《聘风令·抟风令》穴位图残页	调息时间降低2秒。		14400	0			5
5711	1	1	37781	15635	《聘风令·抟风令》穴位图断篇	调息时间降低3秒。		16400	0			5
5712	1	6	37781	15635	《聘风令·抟风令》参悟残页	伤害提高3%。		9000	0			
5713	1	6	37781	15635	《聘风令·抟风令》参悟断篇	伤害提高4%。		12000	0			5
5714	1	5	37780	15635	《聘风令·劈风令》秘诀残页	会心提高3%。		9000	0			5
5715	1	5	37780	15635	《聘风令·劈风令》秘诀断篇	会心提高4%。	0	12000	0	0		5
5716	1	6	37780	15635	《聘风令·劈风令》参悟残页	伤害提高4%。		9000	0			5
5717	1	6	37780	15635	《聘风令·劈风令》参悟断篇	伤害提高5%。	0	12000	0	0		5
5718	1	1	38011	15635	《苍洱游·风流云散》穴位图残页	调息时间降低1秒。	0	14400	0	0		
5719	1	1	38011	15635	《苍洱游·风流云散》穴位图断篇	调息时间降低1秒。	0	14400	0	0		
5720	1	1	38011	15635	《苍洱游·风流云散》穴位图绝章	调息时间降低2秒。		14400	0			
5721	1	8	38011	15635	《苍洱游·风流云散》人偶图残页	自身所有“闪现”不再生效。	0	3000	0	0		
5760	1	8	38011	15635	《苍洱游·风流云散》人偶图断篇	闪烁后获得8秒15%最大气血值的伤害吸收盾。	0	18300	0	0		
5761	1	8	37781	15635	《聘风令·抟风令》人偶图残页	招式不再运功。	0	18300	0	0		5
5762	1	9	37780	15635	《聘风令·劈风令》真传残页	招式的有效距离增加1尺。		6000	0			
5763	1	9	37780	15635	《聘风令·劈风令》真传断篇	招式的有效距离增加1尺。		6000	0			
5766	1	8	27675	15637	《神农百草诀·枯木苏息》人偶图绝章	“枯木苏息”不再使自身陷入沉睡。		16000	0			5
5774	1	10	260	6365	《达摩武诀·擒龙诀》手抄残页	招式效果持续时间增加1秒。		10800	0			4
5775	1	10	260	6365	《达摩武诀·擒龙诀》手抄断篇	招式效果持续时间增加1秒。		12300	0			4
5776	1	10	260	6365	《达摩武诀·擒龙诀》手抄绝章	招式效果持续时间增加1秒。	0	12900	0	0		
5777	1	8	260	1853	《达摩武诀·擒龙诀》人偶图残页	不再持续恢复禅那值，持续期间内自身恢复禅那值的招式会额外恢复1点禅那。	0	21300	0	0		
5778	1	8	260	1853	《达摩武诀·擒龙诀》人偶图断篇	持续期间自身对被击晕或击倒的目标造成伤害提高10%。		23400	0			
5818	1	8	3985	3858	《大圣明尊法·朝圣言》人偶图残页	完整施展后立刻击飞自身周围12尺内的15个敌对目标。	0	44400	0	0		5
5819	1	8	3985	3858	《大圣明尊法·朝圣言》人偶图断篇	运功期间强迫范围内所有敌对目标攻击自身，并对其造成大量仇恨。	0	45600	0	0		5
5889	1	13	13049	6363	《破阵令·盾墙》真髓图绝章	施展“收盾”提供40%减伤，持续3秒。		21000	0			
5896	1	8	537	1842	《西河剑器·名动四方》人偶图断篇	剑舞状态下自身不再开启剑舞动作。	0	13200	0	0		
5909	1	0	0	0	测试	测试	0	-1	0	0		
5919	1	8	35684	1831	《山海同归契·游雾乘云》人偶图断篇	获得一层承契。	0	48400	0	0		
5948	1	13	32175	18178	《流云势法·望云势》人偶图残页	3秒内反击命中目标时，若自身已察觉其“弱点”，则将其击破，仅生效1次。	0	45000	0	0		
5949	1	8	3977	3858	《御暗烬灭令·流光囚影》人偶图残页	使闪现时镜头平滑切换。	0	1000	0	0		
5973	1	8	1	10925	《风起云扬诀·定波砥澜》人偶图断篇	招式附加受到的伤害降低10%。	0	10800	0	0		
6001	1	8	41451	1853	《百傀叩梦·障幕虚影》人偶图断篇	固定在伶影处发起此招式，但不再产生“障幕”效果。		23400	0			5
6015	1	8	20285	10925	《九霄踏云步·逸尘步虚》人偶图残页	不再获得“逸尘”效果		44400	0			
6058	1	8	1	8559	《占术·起卦》人偶图断篇	内力70%以下“起卦”才会占得“水坎”并恢复自身60%内力值，自身内力值低于30%时必占得“水坎”卦象。	0	20000	0	0		5
6059	1	5	22327	12123	《隐雷鞭·寂洪荒》秘诀残页	会心提高3%。	0	13200	0			5
6101	1	8	41116	1853	《傀儡调·落笼簿》人偶图残页	施展时立即驱散自身1个阴性、阳性、混元性、毒性不利效果。	0		0	0		
6119	1	8	41451	1853	《百傀叩梦·障幕虚影》人偶图残页	在发招位置生成5根“寄线”。	0	-1	0	0		5
6120	1	8	41451	1853	《百傀叩梦·障幕虚影》人偶图绝章	命中时驱散目标身上阴性、阳性、混元性和毒性有益气劲各2个。	0	-1	0	0		
6121	1	6	41451	1829	《百傀叩梦·障幕虚影》参悟残页	幻象伤害提高3%。						5
6122	1	6	41451	1829	《百傀叩梦·障幕虚影》参悟断篇	幻象伤害提高2%。						5
6123	1	9	41447	8558	《织心谣·夹线》真传残页	招式有效距离增加1尺。						
6124	1	9	41447	8558	《织心谣·夹线》真传断篇	招式有效距离增加1尺。						
6125	1	9	41447	8558	《织心谣·夹线》真传绝章	招式有效距离增加1尺。						
6126	1	8	41447	1853	《织心谣·夹线》人偶图断篇	“夹线”命中后返还5点心络。						
6127	1	8	41447	1853	《织心谣·夹线》人偶图残页	“夹线”命中后返还5点心络。						
6128	1	5	41444	8561	《织心谣·绊线》秘诀残页	会心提高2%。	0		0	0		5
6129	1	5	41444	8561	《织心谣·绊线》秘诀断篇	会心提高3%。	0		0	0		5
6130	1	6	41444	1829	《织心谣·绊线》参悟残页	伤害提高4%。						5
6131	1	6	41444	1829	《织心谣·绊线》参悟残页	伤害提高5%。						5
6132	1	9	41444	8558	《织心谣·绊线》真传残页	招式有效距离增加2尺。						
6133	1	8	41444	1853	《织心谣·绊线》人偶图残页	命中时使目标移动速度降低50%，持续3秒。						
6134	1	5	41342	8561	《织心谣·挑丝》秘诀残页	会心提高2%。	0		0	0		5
6135	1	6	41342	1829	《织心谣·挑丝》参悟残页	伤害提高4%。						5
6136	1	6	41342	1829	《织心谣·挑丝》参悟断篇	伤害提高5%。						5
6137	1	8	41342	1853	《织心谣·挑丝》人偶图残页	非战斗状态下额外恢复40点心络。						5
6138	1	5	41442	8561	《傀儡调·生地狱》秘诀残页	会心提高2%。	0		0	0		5
6139	1	5	41442	8561	《傀儡调·生地狱》秘诀断篇	会心提高3%。	0		0	0		5
6140	1	6	41442	1829	《傀儡调·生地狱》参悟残页	伤害提高2%。						5
6141	1	6	41442	1829	《傀儡调·生地狱》参悟断篇	伤害提高3%。						5
6142	1	8	41442	1853	《傀儡调·生地狱》人偶图残页	使命中目标攻击力降低10%，持续5秒。						
6143	1	5	41439	8561	《傀儡调·千里急》秘诀残页	会心提高2%。	0		0	0		5
6144	1	5	41439	8561	《傀儡调·千里急》秘诀断篇	会心提高3%。	0		0	0		5
6145	1	6	41439	1829	《傀儡调·千里急》参悟残页	伤害系数提高3%。						5
6146	1	6	41439	1829	《傀儡调·千里急》参悟残页	伤害系数提高4%。						5
6147	1	8	41439	1853	《傀儡调·千里急》人偶图残页	“落笼簿”期间命中时，使目标移动速度降低50%，持续3秒。						
6148	1	8	41116	1853	《傀儡调·落笼簿》人偶图断篇	施展后自身与伶影的移动速度提高30%，持续25秒。	0		0	0		
6149	1	8	41116	1853	《傀儡调·落笼簿》人偶图绝章	提前结束“落笼簿”状态不会使免控效果结束。	0		0	0		
6154	1	8	14066	7976	《音·角》人偶图残页	施展后使目标移动速度降低30％，自身提高30％，持续4秒。	0	5000	0	0		
6155	1	8	14139	7976	《音·角》人偶图残页	施展后使自身和目标移动速度提高30％，持续4秒。	0	5000	0	0		
6162	1	8	19828	10925	《九霄踏云步·浮游天地》人偶图绝章	能挑飞范围内敌对目标。		10800				
6168	1	8	5266	4740	《降龙掌·龙战于野》人偶图残页	解除自身锁足和减速效果。	1	22200	0	0		
6169	1	8	32419	18178	《游风步·灭影追风》人偶图残页	施展后立刻进入“双手持武器”状态。		6800				5
6210	1	8	41344	1853	《百傀叩梦·替形幻生》人偶图残页	调息时间降低50秒，不再获得护盾，施展后使自身与伶影交换位置。	0	-1	0	0		
6233	1	8	25142	8559	《天机·巨门北落》人偶图断篇	效果期间自身受到的伤害降低60%，不再将伤害转化为治疗效果。	0	5000	0	0		
6254	1	13	13067	6363	《破阵令·盾立》真传断篇	施展时若周围30尺内有25个以上敌对目标，则“盾立”持续时间增加2秒。		100				
6260	1	8	5638	4740	《降龙掌·亢龙有悔》人偶图断篇	施展后自身伤害提高11%，持续12秒。	0	22000	0	0		5
6262	1	8	5262	4740	《降龙掌·龙跃于渊》人偶图残页	解除自身锁足和减速效果。	1	22000	0	0		
6264	1	8	5262	4740	《降龙掌·龙跃于渊》人偶图断篇	调息时间提高8秒，控制免疫时间提高5.5秒。	1	22000	0	0		
6285	1	8	16602	8560	《秀明尘身·破釜沉舟》人偶图残页	施展后激活一段“项王击鼎”，第三段除外。		15000				
6310	1	8	24491	7976	《占术·变卦》归元图残页	额外消耗10点星运，不再随机占得卦象，将按照“水坎”“火离”“山艮”的顺序切换占得的卦象。	0	5000	0	0		
6396	1	8	418	1864	《奔雷枪术·突》人偶图绝章	铁牢律心法下，强迫周围6尺内的5个敌对目标攻击自身。	0	11700	0	0		
6402	1	8	20053	10925	《九霄踏云步·跃潮斩波》人偶图断篇	命中目标使目标受到的疗伤成效降低50%，持续10秒。		44400				5
6405	1	8	3109	3161	《九宫飞星·千机变》人偶图残页	千机变底座在短暂时间后自动切换为连弩。	0	-1	0	0		
6408	1	8	3109	3161	《九宫飞星·千机变》人偶图断篇	“暗藏杀机”命中连弩锁定目标时连弩自动切换为重弩。	0	-1	0	0		
